<?xml version="1.0" encoding="UTF-8"?>
<kml xmlns="http://www.opengis.net/kml/2.2" xmlns:gx="http://www.google.com/kml/ext/2.2"><Folder ><Folder ><name >N123TJ track</name>
<Placemark ><name >N123TJ</name>
<Style ><LineStyle ><color >ff1c1ae3</color>
<width >4</width>
</LineStyle>
<IconStyle ><Icon ><href >http://maps.google.com/mapfiles/kml/shapes/airports.png</href>
</Icon>
</IconStyle>
</Style>
<gx:Track ><extrude >0</extrude>
<when >2025-05-01T21:15:35.537Z</when>
<when >2025-05-01T21:15:35.537Z</when>
<when >2025-05-01T21:15:38.787Z</when>
<when >2025-05-01T21:15:38.787Z</when>
<gx:coord >-81.235132 28.778419 0</gx:coord>
<gx:coord >-81.235132 28.778419 0</gx:coord>
<gx:coord >-81.233597 28.778396 0</gx:coord>
<gx:coord >-81.233597 28.778396 0</gx:coord>
</gx:Track>
</Placemark>
<Placemark ><name >N123TJ</name>
<Style ><LineStyle ><color >ff1c1ae3</color>
<width >4</width>
</LineStyle>
<IconStyle ><Icon ><href >http://maps.google.com/mapfiles/kml/shapes/airports.png</href>
</Icon>
</IconStyle>
</Style>
<gx:Track ><altitudeMode >absolute</altitudeMode>
<extrude >1</extrude>
<when >2025-05-01T21:15:43.778Z</when>
<when >2025-05-01T21:15:46.478Z</when>
<when >2025-05-01T21:15:53.258Z</when>
<when >2025-05-01T21:16:00.268Z</when>
<when >2025-05-01T21:16:06.698Z</when>
<when >2025-05-01T21:16:14.537Z</when>
<when >2025-05-01T21:16:16.228Z</when>
<when >2025-05-01T21:16:22.758Z</when>
<when >2025-05-01T21:16:27.168Z</when>
<when >2025-05-01T21:16:37.868Z</when>
<when >2025-05-01T21:16:47.278Z</when>
<when >2025-05-01T21:16:56.948Z</when>
<when >2025-05-01T21:17:01.848Z</when>
<when >2025-05-01T21:17:05.168Z</when>
<when >2025-05-01T21:17:07.198Z</when>
<when >2025-05-01T21:17:12.348Z</when>
<when >2025-05-01T21:17:13.678Z</when>
<when >2025-05-01T21:17:22.448Z</when>
<when >2025-05-01T21:17:30.928Z</when>
<when >2025-05-01T21:17:47.658Z</when>
<when >2025-05-01T21:17:57.528Z</when>
<when >2025-05-01T21:18:06.318Z</when>
<when >2025-05-01T21:18:24.958Z</when>
<when >2025-05-01T21:18:26.578Z</when>
<when >2025-05-01T21:18:28.108Z</when>
<when >2025-05-01T21:18:30.268Z</when>
<when >2025-05-01T21:18:32.358Z</when>
<when >2025-05-01T21:18:34.218Z</when>
<when >2025-05-01T21:18:35.248Z</when>
<when >2025-05-01T21:18:37.108Z</when>
<when >2025-05-01T21:18:39.478Z</when>
<when >2025-05-01T21:18:41.568Z</when>
<when >2025-05-01T21:18:43.458Z</when>
<when >2025-05-01T21:18:45.658Z</when>
<when >2025-05-01T21:18:48.078Z</when>
<when >2025-05-01T21:18:49.938Z</when>
<when >2025-05-01T21:18:52.448Z</when>
<when >2025-05-01T21:18:54.908Z</when>
<when >2025-05-01T21:18:56.328Z</when>
<when >2025-05-01T21:18:58.208Z</when>
<when >2025-05-01T21:19:00.318Z</when>
<when >2025-05-01T21:19:03.348Z</when>
<when >2025-05-01T21:19:06.488Z</when>
<when >2025-05-01T21:19:08.378Z</when>
<when >2025-05-01T21:19:13.148Z</when>
<when >2025-05-01T21:19:17.118Z</when>
<when >2025-05-01T21:19:22.608Z</when>
<when >2025-05-01T21:19:26.108Z</when>
<when >2025-05-01T21:19:33.048Z</when>
<when >2025-05-01T21:19:36.408Z</when>
<when >2025-05-01T21:19:42.758Z</when>
<when >2025-05-01T21:19:48.908Z</when>
<when >2025-05-01T21:19:57.388Z</when>
<when >2025-05-01T21:20:01.348Z</when>
<when >2025-05-01T21:20:02.948Z</when>
<when >2025-05-01T21:20:04.248Z</when>
<when >2025-05-01T21:20:06.618Z</when>
<when >2025-05-01T21:20:07.218Z</when>
<when >2025-05-01T21:20:08.968Z</when>
<when >2025-05-01T21:20:09.548Z</when>
<when >2025-05-01T21:20:15.658Z</when>
<when >2025-05-01T21:20:17.108Z</when>
<when >2025-05-01T21:20:25.958Z</when>
<when >2025-05-01T21:20:37.988Z</when>
<when >2025-05-01T21:20:49.248Z</when>
<when >2025-05-01T21:21:00.128Z</when>
<when >2025-05-01T21:21:09.398Z</when>
<when >2025-05-01T21:21:20.318Z</when>
<when >2025-05-01T21:21:26.688Z</when>
<when >2025-05-01T21:21:37.787Z</when>
<when >2025-05-01T21:21:53.018Z</when>
<when >2025-05-01T21:22:03.988Z</when>
<when >2025-05-01T21:22:16.028Z</when>
<when >2025-05-01T21:22:27.868Z</when>
<when >2025-05-01T21:22:40.088Z</when>
<when >2025-05-01T21:22:48.868Z</when>
<when >2025-05-01T21:23:08.608Z</when>
<when >2025-05-01T21:23:11.948Z</when>
<when >2025-05-01T21:23:12.578Z</when>
<when >2025-05-01T21:23:16.618Z</when>
<when >2025-05-01T21:23:18.628Z</when>
<when >2025-05-01T21:23:30.787Z</when>
<when >2025-05-01T21:23:48.768Z</when>
<when >2025-05-01T21:24:05.918Z</when>
<when >2025-05-01T21:24:09.488Z</when>
<when >2025-05-01T21:24:23.398Z</when>
<when >2025-05-01T21:24:24.758Z</when>
<when >2025-05-01T21:24:27.548Z</when>
<when >2025-05-01T21:24:32.828Z</when>
<when >2025-05-01T21:24:45.188Z</when>
<when >2025-05-01T21:24:50.638Z</when>
<when >2025-05-01T21:25:02.128Z</when>
<when >2025-05-01T21:25:09.478Z</when>
<when >2025-05-01T21:25:14.218Z</when>
<when >2025-05-01T21:25:26.998Z</when>
<when >2025-05-01T21:25:33.528Z</when>
<when >2025-05-01T21:25:34.128Z</when>
<when >2025-05-01T21:25:34.508Z</when>
<when >2025-05-01T21:25:40.148Z</when>
<when >2025-05-01T21:25:55.008Z</when>
<when >2025-05-01T21:26:03.588Z</when>
<when >2025-05-01T21:26:10.098Z</when>
<when >2025-05-01T21:26:20.328Z</when>
<when >2025-05-01T21:26:25.608Z</when>
<when >2025-05-01T21:26:28.698Z</when>
<when >2025-05-01T21:26:32.248Z</when>
<when >2025-05-01T21:26:35.768Z</when>
<when >2025-05-01T21:26:38.938Z</when>
<when >2025-05-01T21:26:39.268Z</when>
<when >2025-05-01T21:26:42.698Z</when>
<when >2025-05-01T21:26:45.398Z</when>
<when >2025-05-01T21:26:49.188Z</when>
<when >2025-05-01T21:26:53.068Z</when>
<when >2025-05-01T21:26:56.568Z</when>
<when >2025-05-01T21:26:59.368Z</when>
<when >2025-05-01T21:27:02.388Z</when>
<when >2025-05-01T21:27:05.438Z</when>
<when >2025-05-01T21:27:08.748Z</when>
<when >2025-05-01T21:27:12.198Z</when>
<when >2025-05-01T21:27:14.778Z</when>
<when >2025-05-01T21:27:20.468Z</when>
<when >2025-05-01T21:27:26.738Z</when>
<when >2025-05-01T21:27:34.438Z</when>
<when >2025-05-01T21:27:41.398Z</when>
<when >2025-05-01T21:27:54.938Z</when>
<when >2025-05-01T21:28:08.998Z</when>
<when >2025-05-01T21:28:19.918Z</when>
<when >2025-05-01T21:28:28.548Z</when>
<when >2025-05-01T21:28:33.058Z</when>
<when >2025-05-01T21:28:37.178Z</when>
<when >2025-05-01T21:28:45.508Z</when>
<when >2025-05-01T21:29:01.838Z</when>
<when >2025-05-01T21:29:12.978Z</when>
<when >2025-05-01T21:29:19.738Z</when>
<when >2025-05-01T21:29:33.768Z</when>
<when >2025-05-01T21:29:40.198Z</when>
<when >2025-05-01T21:29:47.728Z</when>
<when >2025-05-01T21:29:57.358Z</when>
<when >2025-05-01T21:29:59.068Z</when>
<when >2025-05-01T21:30:13.828Z</when>
<when >2025-05-01T21:30:25.208Z</when>
<when >2025-05-01T21:30:31.578Z</when>
<when >2025-05-01T21:30:42.488Z</when>
<when >2025-05-01T21:31:02.428Z</when>
<when >2025-05-01T21:31:16.098Z</when>
<when >2025-05-01T21:31:29.108Z</when>
<when >2025-05-01T21:31:35.758Z</when>
<when >2025-05-01T21:31:42.468Z</when>
<when >2025-05-01T21:31:48.358Z</when>
<when >2025-05-01T21:31:58.428Z</when>
<when >2025-05-01T21:32:07.198Z</when>
<when >2025-05-01T21:32:19.008Z</when>
<when >2025-05-01T21:32:27.178Z</when>
<when >2025-05-01T21:32:28.568Z</when>
<when >2025-05-01T21:32:31.408Z</when>
<when >2025-05-01T21:32:39.808Z</when>
<when >2025-05-01T21:32:47.358Z</when>
<when >2025-05-01T21:32:51.348Z</when>
<when >2025-05-01T21:32:56.748Z</when>
<when >2025-05-01T21:33:04.428Z</when>
<when >2025-05-01T21:33:07.918Z</when>
<when >2025-05-01T21:33:18.828Z</when>
<when >2025-05-01T21:33:26.848Z</when>
<when >2025-05-01T21:33:35.848Z</when>
<when >2025-05-01T21:33:46.968Z</when>
<when >2025-05-01T21:33:56.978Z</when>
<when >2025-05-01T21:34:04.318Z</when>
<when >2025-05-01T21:34:18.238Z</when>
<when >2025-05-01T21:34:24.798Z</when>
<when >2025-05-01T21:34:35.238Z</when>
<when >2025-05-01T21:34:42.098Z</when>
<when >2025-05-01T21:34:52.498Z</when>
<when >2025-05-01T21:35:04.218Z</when>
<when >2025-05-01T21:35:11.218Z</when>
<when >2025-05-01T21:35:19.268Z</when>
<when >2025-05-01T21:35:38.228Z</when>
<when >2025-05-01T21:35:43.858Z</when>
<when >2025-05-01T21:35:53.478Z</when>
<when >2025-05-01T21:36:00.228Z</when>
<when >2025-05-01T21:36:08.908Z</when>
<when >2025-05-01T21:36:12.148Z</when>
<when >2025-05-01T21:36:15.748Z</when>
<when >2025-05-01T21:36:16.348Z</when>
<when >2025-05-01T21:36:19.308Z</when>
<when >2025-05-01T21:36:22.818Z</when>
<when >2025-05-01T21:36:27.178Z</when>
<when >2025-05-01T21:36:31.248Z</when>
<when >2025-05-01T21:36:41.518Z</when>
<when >2025-05-01T21:36:49.938Z</when>
<when >2025-05-01T21:36:54.768Z</when>
<when >2025-05-01T21:36:58.248Z</when>
<when >2025-05-01T21:37:07.418Z</when>
<when >2025-05-01T21:37:27.188Z</when>
<when >2025-05-01T21:37:37.928Z</when>
<when >2025-05-01T21:37:49.948Z</when>
<when >2025-05-01T21:37:54.898Z</when>
<when >2025-05-01T21:37:57.078Z</when>
<when >2025-05-01T21:38:05.028Z</when>
<when >2025-05-01T21:38:13.168Z</when>
<when >2025-05-01T21:38:19.948Z</when>
<when >2025-05-01T21:38:28.698Z</when>
<when >2025-05-01T21:38:38.688Z</when>
<when >2025-05-01T21:38:41.668Z</when>
<when >2025-05-01T21:38:49.928Z</when>
<when >2025-05-01T21:39:02.148Z</when>
<when >2025-05-01T21:39:13.188Z</when>
<when >2025-05-01T21:39:22.318Z</when>
<when >2025-05-01T21:39:24.258Z</when>
<when >2025-05-01T21:39:33.298Z</when>
<when >2025-05-01T21:39:34.778Z</when>
<when >2025-05-01T21:39:45.588Z</when>
<when >2025-05-01T21:39:53.798Z</when>
<when >2025-05-01T21:40:06.808Z</when>
<when >2025-05-01T21:40:14.868Z</when>
<when >2025-05-01T21:40:27.908Z</when>
<when >2025-05-01T21:40:34.098Z</when>
<when >2025-05-01T21:40:43.218Z</when>
<when >2025-05-01T21:40:50.978Z</when>
<when >2025-05-01T21:40:53.518Z</when>
<when >2025-05-01T21:41:04.658Z</when>
<when >2025-05-01T21:41:08.868Z</when>
<when >2025-05-01T21:41:21.748Z</when>
<when >2025-05-01T21:41:34.108Z</when>
<when >2025-05-01T21:41:42.978Z</when>
<when >2025-05-01T21:41:52.588Z</when>
<when >2025-05-01T21:41:59.978Z</when>
<when >2025-05-01T21:42:03.078Z</when>
<when >2025-05-01T21:42:12.218Z</when>
<when >2025-05-01T21:42:23.268Z</when>
<when >2025-05-01T21:42:25.268Z</when>
<when >2025-05-01T21:42:35.778Z</when>
<when >2025-05-01T21:42:44.918Z</when>
<when >2025-05-01T21:43:01.858Z</when>
<when >2025-05-01T21:43:07.828Z</when>
<when >2025-05-01T21:43:18.128Z</when>
<when >2025-05-01T21:43:30.458Z</when>
<when >2025-05-01T21:43:31.918Z</when>
<when >2025-05-01T21:43:35.168Z</when>
<when >2025-05-01T21:43:47.518Z</when>
<when >2025-05-01T21:43:59.328Z</when>
<when >2025-05-01T21:44:06.098Z</when>
<when >2025-05-01T21:44:25.738Z</when>
<when >2025-05-01T21:44:28.728Z</when>
<when >2025-05-01T21:44:42.768Z</when>
<when >2025-05-01T21:44:50.158Z</when>
<when >2025-05-01T21:45:09.658Z</when>
<when >2025-05-01T21:45:12.748Z</when>
<when >2025-05-01T21:45:25.498Z</when>
<when >2025-05-01T21:45:40.318Z</when>
<when >2025-05-01T21:45:45.928Z</when>
<when >2025-05-01T21:45:52.098Z</when>
<when >2025-05-01T21:46:00.468Z</when>
<when >2025-05-01T21:46:09.287Z</when>
<when >2025-05-01T21:46:13.768Z</when>
<when >2025-05-01T21:46:25.718Z</when>
<when >2025-05-01T21:46:44.368Z</when>
<when >2025-05-01T21:47:04.048Z</when>
<when >2025-05-01T21:47:06.068Z</when>
<when >2025-05-01T21:47:11.158Z</when>
<when >2025-05-01T21:47:16.037Z</when>
<when >2025-05-01T21:47:22.208Z</when>
<when >2025-05-01T21:47:28.768Z</when>
<when >2025-05-01T21:47:39.838Z</when>
<when >2025-05-01T21:47:44.218Z</when>
<when >2025-05-01T21:47:51.258Z</when>
<when >2025-05-01T21:48:08.598Z</when>
<when >2025-05-01T21:48:21.128Z</when>
<when >2025-05-01T21:48:30.748Z</when>
<when >2025-05-01T21:48:43.037Z</when>
<when >2025-05-01T21:48:52.758Z</when>
<when >2025-05-01T21:49:02.428Z</when>
<when >2025-05-01T21:49:04.248Z</when>
<when >2025-05-01T21:49:23.918Z</when>
<when >2025-05-01T21:49:29.438Z</when>
<when >2025-05-01T21:49:48.148Z</when>
<when >2025-05-01T21:49:50.508Z</when>
<when >2025-05-01T21:49:54.568Z</when>
<when >2025-05-01T21:49:58.037Z</when>
<when >2025-05-01T21:50:01.748Z</when>
<when >2025-05-01T21:50:05.148Z</when>
<when >2025-05-01T21:50:10.618Z</when>
<when >2025-05-01T21:50:22.378Z</when>
<when >2025-05-01T21:50:33.888Z</when>
<when >2025-05-01T21:50:42.338Z</when>
<when >2025-05-01T21:50:50.808Z</when>
<when >2025-05-01T21:50:59.608Z</when>
<when >2025-05-01T21:51:03.378Z</when>
<when >2025-05-01T21:51:06.268Z</when>
<when >2025-05-01T21:51:10.178Z</when>
<when >2025-05-01T21:51:14.328Z</when>
<when >2025-05-01T21:51:18.348Z</when>
<when >2025-05-01T21:51:25.508Z</when>
<when >2025-05-01T21:51:29.228Z</when>
<when >2025-05-01T21:51:35.798Z</when>
<when >2025-05-01T21:51:48.438Z</when>
<when >2025-05-01T21:51:58.458Z</when>
<when >2025-05-01T21:52:00.348Z</when>
<when >2025-05-01T21:52:10.198Z</when>
<when >2025-05-01T21:52:24.178Z</when>
<when >2025-05-01T21:52:29.388Z</when>
<when >2025-05-01T21:52:35.928Z</when>
<when >2025-05-01T21:52:42.218Z</when>
<when >2025-05-01T21:52:50.818Z</when>
<when >2025-05-01T21:52:58.088Z</when>
<when >2025-05-01T21:53:06.998Z</when>
<when >2025-05-01T21:53:15.648Z</when>
<when >2025-05-01T21:53:16.978Z</when>
<when >2025-05-01T21:53:24.298Z</when>
<when >2025-05-01T21:53:32.698Z</when>
<when >2025-05-01T21:53:41.218Z</when>
<when >2025-05-01T21:53:49.658Z</when>
<when >2025-05-01T21:53:58.498Z</when>
<when >2025-05-01T21:54:05.828Z</when>
<when >2025-05-01T21:54:15.287Z</when>
<when >2025-05-01T21:54:24.318Z</when>
<when >2025-05-01T21:54:33.148Z</when>
<when >2025-05-01T21:54:39.118Z</when>
<when >2025-05-01T21:54:43.228Z</when>
<when >2025-05-01T21:54:53.268Z</when>
<when >2025-05-01T21:55:03.537Z</when>
<when >2025-05-01T21:55:12.998Z</when>
<when >2025-05-01T21:55:21.958Z</when>
<when >2025-05-01T21:55:33.537Z</when>
<when >2025-05-01T21:55:41.338Z</when>
<when >2025-05-01T21:55:47.428Z</when>
<when >2025-05-01T21:55:50.078Z</when>
<when >2025-05-01T21:56:01.098Z</when>
<when >2025-05-01T21:56:13.238Z</when>
<when >2025-05-01T21:56:14.808Z</when>
<when >2025-05-01T21:56:27.228Z</when>
<when >2025-05-01T21:56:36.628Z</when>
<when >2025-05-01T21:56:37.158Z</when>
<when >2025-05-01T21:56:42.208Z</when>
<when >2025-05-01T21:56:42.758Z</when>
<when >2025-05-01T21:56:50.248Z</when>
<when >2025-05-01T21:56:56.318Z</when>
<when >2025-05-01T21:56:56.918Z</when>
<when >2025-05-01T21:56:57.608Z</when>
<when >2025-05-01T21:56:58.058Z</when>
<when >2025-05-01T21:57:04.787Z</when>
<when >2025-05-01T21:57:23.198Z</when>
<when >2025-05-01T21:57:29.978Z</when>
<when >2025-05-01T21:57:49.588Z</when>
<when >2025-05-01T21:58:05.568Z</when>
<when >2025-05-01T21:58:23.588Z</when>
<when >2025-05-01T21:58:39.037Z</when>
<when >2025-05-01T21:58:58.888Z</when>
<when >2025-05-01T21:59:17.638Z</when>
<when >2025-05-01T21:59:37.158Z</when>
<when >2025-05-01T21:59:56.928Z</when>
<when >2025-05-01T22:00:04.248Z</when>
<when >2025-05-01T22:00:16.058Z</when>
<when >2025-05-01T22:00:22.678Z</when>
<when >2025-05-01T22:00:29.908Z</when>
<when >2025-05-01T22:00:41.518Z</when>
<when >2025-05-01T22:00:52.518Z</when>
<when >2025-05-01T22:01:07.958Z</when>
<when >2025-05-01T22:01:14.888Z</when>
<when >2025-05-01T22:01:26.668Z</when>
<when >2025-05-01T22:01:38.048Z</when>
<when >2025-05-01T22:01:46.728Z</when>
<when >2025-05-01T22:01:59.068Z</when>
<when >2025-05-01T22:02:05.688Z</when>
<when >2025-05-01T22:02:21.248Z</when>
<when >2025-05-01T22:02:25.058Z</when>
<when >2025-05-01T22:02:29.748Z</when>
<when >2025-05-01T22:02:35.358Z</when>
<when >2025-05-01T22:02:42.158Z</when>
<when >2025-05-01T22:02:49.908Z</when>
<when >2025-05-01T22:03:00.168Z</when>
<when >2025-05-01T22:03:08.428Z</when>
<when >2025-05-01T22:03:18.778Z</when>
<when >2025-05-01T22:03:21.537Z</when>
<when >2025-05-01T22:03:28.138Z</when>
<when >2025-05-01T22:03:39.868Z</when>
<when >2025-05-01T22:03:40.578Z</when>
<when >2025-05-01T22:03:51.248Z</when>
<when >2025-05-01T22:04:00.758Z</when>
<when >2025-05-01T22:04:09.898Z</when>
<when >2025-05-01T22:04:19.458Z</when>
<when >2025-05-01T22:04:29.098Z</when>
<when >2025-05-01T22:04:37.888Z</when>
<when >2025-05-01T22:04:44.848Z</when>
<when >2025-05-01T22:04:54.378Z</when>
<when >2025-05-01T22:04:58.898Z</when>
<when >2025-05-01T22:05:16.818Z</when>
<when >2025-05-01T22:05:26.058Z</when>
<when >2025-05-01T22:05:29.348Z</when>
<when >2025-05-01T22:05:38.728Z</when>
<when >2025-05-01T22:05:46.358Z</when>
<when >2025-05-01T22:05:56.188Z</when>
<when >2025-05-01T22:05:57.588Z</when>
<when >2025-05-01T22:06:09.218Z</when>
<when >2025-05-01T22:06:20.348Z</when>
<when >2025-05-01T22:06:28.878Z</when>
<when >2025-05-01T22:06:32.728Z</when>
<when >2025-05-01T22:06:35.968Z</when>
<when >2025-05-01T22:06:39.498Z</when>
<when >2025-05-01T22:06:43.287Z</when>
<when >2025-05-01T22:06:47.568Z</when>
<when >2025-05-01T22:06:51.208Z</when>
<when >2025-05-01T22:06:55.068Z</when>
<when >2025-05-01T22:06:58.528Z</when>
<when >2025-05-01T22:07:02.428Z</when>
<when >2025-05-01T22:07:05.928Z</when>
<when >2025-05-01T22:07:11.018Z</when>
<when >2025-05-01T22:07:15.558Z</when>
<when >2025-05-01T22:07:19.898Z</when>
<when >2025-05-01T22:07:22.918Z</when>
<when >2025-05-01T22:07:25.138Z</when>
<when >2025-05-01T22:07:28.037Z</when>
<when >2025-05-01T22:07:31.738Z</when>
<when >2025-05-01T22:07:32.238Z</when>
<when >2025-05-01T22:07:38.738Z</when>
<when >2025-05-01T22:07:45.468Z</when>
<when >2025-05-01T22:07:49.428Z</when>
<when >2025-05-01T22:07:55.498Z</when>
<when >2025-05-01T22:08:02.287Z</when>
<when >2025-05-01T22:08:08.628Z</when>
<when >2025-05-01T22:08:28.218Z</when>
<when >2025-05-01T22:08:40.278Z</when>
<when >2025-05-01T22:08:49.048Z</when>
<when >2025-05-01T22:08:55.768Z</when>
<when >2025-05-01T22:09:12.828Z</when>
<when >2025-05-01T22:09:20.828Z</when>
<when >2025-05-01T22:09:22.428Z</when>
<when >2025-05-01T22:09:33.998Z</when>
<when >2025-05-01T22:09:34.498Z</when>
<when >2025-05-01T22:09:35.008Z</when>
<when >2025-05-01T22:09:35.548Z</when>
<when >2025-05-01T22:09:36.078Z</when>
<when >2025-05-01T22:09:36.808Z</when>
<when >2025-05-01T22:09:44.678Z</when>
<when >2025-05-01T22:09:45.998Z</when>
<when >2025-05-01T22:09:56.248Z</when>
<when >2025-05-01T22:10:00.478Z</when>
<when >2025-05-01T22:10:12.958Z</when>
<when >2025-05-01T22:10:16.488Z</when>
<when >2025-05-01T22:10:22.528Z</when>
<when >2025-05-01T22:10:30.618Z</when>
<when >2025-05-01T22:10:31.188Z</when>
<when >2025-05-01T22:10:34.158Z</when>
<when >2025-05-01T22:10:37.578Z</when>
<when >2025-05-01T22:10:39.787Z</when>
<when >2025-05-01T22:10:43.718Z</when>
<when >2025-05-01T22:10:48.138Z</when>
<when >2025-05-01T22:10:48.618Z</when>
<when >2025-05-01T22:10:53.658Z</when>
<when >2025-05-01T22:10:59.287Z</when>
<when >2025-05-01T22:11:06.448Z</when>
<when >2025-05-01T22:11:13.768Z</when>
<when >2025-05-01T22:11:21.668Z</when>
<when >2025-05-01T22:11:26.408Z</when>
<when >2025-05-01T22:11:34.638Z</when>
<when >2025-05-01T22:11:41.438Z</when>
<when >2025-05-01T22:11:44.268Z</when>
<when >2025-05-01T22:11:46.098Z</when>
<when >2025-05-01T22:11:48.508Z</when>
<when >2025-05-01T22:11:51.188Z</when>
<when >2025-05-01T22:11:55.178Z</when>
<when >2025-05-01T22:11:57.698Z</when>
<when >2025-05-01T22:12:08.518Z</when>
<when >2025-05-01T22:12:12.818Z</when>
<when >2025-05-01T22:12:25.348Z</when>
<when >2025-05-01T22:12:32.628Z</when>
<when >2025-05-01T22:12:34.758Z</when>
<when >2025-05-01T22:12:39.948Z</when>
<when >2025-05-01T22:12:47.508Z</when>
<when >2025-05-01T22:12:59.208Z</when>
<when >2025-05-01T22:13:01.628Z</when>
<when >2025-05-01T22:13:11.068Z</when>
<when >2025-05-01T22:13:54.888Z</when>
<when >2025-05-01T22:13:56.818Z</when>
<when >2025-05-01T22:14:05.518Z</when>
<when >2025-05-01T22:14:12.078Z</when>
<when >2025-05-01T22:14:20.368Z</when>
<when >2025-05-01T22:14:23.568Z</when>
<when >2025-05-01T22:14:32.568Z</when>
<when >2025-05-01T22:14:35.808Z</when>
<when >2025-05-01T22:14:41.328Z</when>
<when >2025-05-01T22:14:48.778Z</when>
<when >2025-05-01T22:14:51.338Z</when>
<when >2025-05-01T22:14:58.778Z</when>
<when >2025-05-01T22:15:06.868Z</when>
<when >2025-05-01T22:15:12.768Z</when>
<when >2025-05-01T22:15:20.108Z</when>
<when >2025-05-01T22:15:24.268Z</when>
<when >2025-05-01T22:15:36.508Z</when>
<when >2025-05-01T22:15:45.188Z</when>
<when >2025-05-01T22:15:51.498Z</when>
<when >2025-05-01T22:15:57.978Z</when>
<when >2025-05-01T22:16:00.787Z</when>
<when >2025-05-01T22:16:05.558Z</when>
<when >2025-05-01T22:16:09.708Z</when>
<when >2025-05-01T22:16:18.428Z</when>
<when >2025-05-01T22:16:29.308Z</when>
<when >2025-05-01T22:16:33.287Z</when>
<when >2025-05-01T22:16:43.728Z</when>
<when >2025-05-01T22:16:48.968Z</when>
<when >2025-05-01T22:16:50.078Z</when>
<when >2025-05-01T22:16:59.698Z</when>
<when >2025-05-01T22:17:06.438Z</when>
<when >2025-05-01T22:17:11.378Z</when>
<when >2025-05-01T22:17:19.428Z</when>
<when >2025-05-01T22:17:29.148Z</when>
<when >2025-05-01T22:17:33.938Z</when>
<when >2025-05-01T22:17:42.898Z</when>
<when >2025-05-01T22:17:49.958Z</when>
<when >2025-05-01T22:17:55.908Z</when>
<when >2025-05-01T22:18:04.228Z</when>
<when >2025-05-01T22:18:10.748Z</when>
<when >2025-05-01T22:18:21.008Z</when>
<when >2025-05-01T22:18:29.528Z</when>
<when >2025-05-01T22:18:32.488Z</when>
<when >2025-05-01T22:18:41.037Z</when>
<when >2025-05-01T22:18:47.218Z</when>
<when >2025-05-01T22:19:00.778Z</when>
<when >2025-05-01T22:19:08.938Z</when>
<when >2025-05-01T22:19:13.138Z</when>
<when >2025-05-01T22:19:20.148Z</when>
<when >2025-05-01T22:19:27.108Z</when>
<when >2025-05-01T22:19:30.988Z</when>
<when >2025-05-01T22:19:41.778Z</when>
<when >2025-05-01T22:19:47.698Z</when>
<when >2025-05-01T22:19:53.308Z</when>
<when >2025-05-01T22:19:59.028Z</when>
<when >2025-05-01T22:20:03.118Z</when>
<when >2025-05-01T22:20:07.708Z</when>
<when >2025-05-01T22:20:13.048Z</when>
<when >2025-05-01T22:20:20.888Z</when>
<when >2025-05-01T22:20:26.638Z</when>
<when >2025-05-01T22:20:33.518Z</when>
<when >2025-05-01T22:20:40.108Z</when>
<when >2025-05-01T22:20:46.078Z</when>
<when >2025-05-01T22:20:51.958Z</when>
<when >2025-05-01T22:20:53.378Z</when>
<when >2025-05-01T22:20:59.468Z</when>
<when >2025-05-01T22:21:04.858Z</when>
<when >2025-05-01T22:21:12.658Z</when>
<when >2025-05-01T22:21:14.858Z</when>
<when >2025-05-01T22:21:19.848Z</when>
<when >2025-05-01T22:21:25.998Z</when>
<when >2025-05-01T22:21:31.178Z</when>
<when >2025-05-01T22:21:35.308Z</when>
<when >2025-05-01T22:21:38.398Z</when>
<when >2025-05-01T22:21:44.488Z</when>
<when >2025-05-01T22:21:49.608Z</when>
<when >2025-05-01T22:22:01.068Z</when>
<when >2025-05-01T22:22:08.228Z</when>
<when >2025-05-01T22:22:16.037Z</when>
<when >2025-05-01T22:22:22.978Z</when>
<when >2025-05-01T22:22:29.787Z</when>
<when >2025-05-01T22:22:42.808Z</when>
<when >2025-05-01T22:22:52.098Z</when>
<when >2025-05-01T22:23:10.218Z</when>
<when >2025-05-01T22:23:21.598Z</when>
<when >2025-05-01T22:23:41.338Z</when>
<when >2025-05-01T22:23:50.638Z</when>
<when >2025-05-01T22:23:59.948Z</when>
<when >2025-05-01T22:24:07.888Z</when>
<when >2025-05-01T22:24:15.548Z</when>
<when >2025-05-01T22:24:30.287Z</when>
<when >2025-05-01T22:24:43.518Z</when>
<when >2025-05-01T22:24:53.818Z</when>
<when >2025-05-01T22:24:57.748Z</when>
<when >2025-05-01T22:25:06.058Z</when>
<when >2025-05-01T22:25:13.458Z</when>
<when >2025-05-01T22:25:22.458Z</when>
<when >2025-05-01T22:25:32.078Z</when>
<when >2025-05-01T22:25:43.138Z</when>
<when >2025-05-01T22:26:02.768Z</when>
<when >2025-05-01T22:26:08.838Z</when>
<when >2025-05-01T22:26:23.378Z</when>
<when >2025-05-01T22:26:43.037Z</when>
<when >2025-05-01T22:26:53.708Z</when>
<when >2025-05-01T22:27:03.128Z</when>
<when >2025-05-01T22:27:07.428Z</when>
<when >2025-05-01T22:27:27.037Z</when>
<when >2025-05-01T22:27:37.688Z</when>
<when >2025-05-01T22:27:54.498Z</when>
<when >2025-05-01T22:27:55.478Z</when>
<when >2025-05-01T22:28:15.358Z</when>
<when >2025-05-01T22:28:20.608Z</when>
<when >2025-05-01T22:28:27.128Z</when>
<when >2025-05-01T22:28:29.118Z</when>
<when >2025-05-01T22:28:29.638Z</when>
<when >2025-05-01T22:28:30.208Z</when>
<when >2025-05-01T22:28:39.548Z</when>
<when >2025-05-01T22:28:47.578Z</when>
<when >2025-05-01T22:29:06.468Z</when>
<when >2025-05-01T22:29:24.818Z</when>
<when >2025-05-01T22:29:34.798Z</when>
<when >2025-05-01T22:29:42.528Z</when>
<when >2025-05-01T22:29:53.958Z</when>
<when >2025-05-01T22:30:07.948Z</when>
<when >2025-05-01T22:30:18.408Z</when>
<when >2025-05-01T22:30:20.008Z</when>
<when >2025-05-01T22:30:25.048Z</when>
<when >2025-05-01T22:30:30.028Z</when>
<when >2025-05-01T22:30:39.188Z</when>
<when >2025-05-01T22:30:42.118Z</when>
<when >2025-05-01T22:30:52.358Z</when>
<when >2025-05-01T22:31:01.128Z</when>
<when >2025-05-01T22:31:05.928Z</when>
<when >2025-05-01T22:31:14.908Z</when>
<when >2025-05-01T22:31:24.458Z</when>
<when >2025-05-01T22:31:30.678Z</when>
<when >2025-05-01T22:31:38.448Z</when>
<when >2025-05-01T22:31:38.998Z</when>
<when >2025-05-01T22:31:50.898Z</when>
<when >2025-05-01T22:31:54.688Z</when>
<when >2025-05-01T22:32:09.108Z</when>
<when >2025-05-01T22:32:11.698Z</when>
<when >2025-05-01T22:32:24.808Z</when>
<when >2025-05-01T22:32:43.178Z</when>
<when >2025-05-01T22:32:53.708Z</when>
<when >2025-05-01T22:33:13.688Z</when>
<when >2025-05-01T22:33:18.568Z</when>
<when >2025-05-01T22:33:33.318Z</when>
<when >2025-05-01T22:33:52.037Z</when>
<when >2025-05-01T22:33:57.388Z</when>
<when >2025-05-01T22:34:03.148Z</when>
<when >2025-05-01T22:34:10.548Z</when>
<when >2025-05-01T22:34:16.458Z</when>
<when >2025-05-01T22:34:26.638Z</when>
<when >2025-05-01T22:34:31.878Z</when>
<when >2025-05-01T22:34:38.768Z</when>
<when >2025-05-01T22:34:44.088Z</when>
<when >2025-05-01T22:34:51.168Z</when>
<when >2025-05-01T22:34:56.208Z</when>
<when >2025-05-01T22:35:02.178Z</when>
<when >2025-05-01T22:35:10.578Z</when>
<when >2025-05-01T22:35:18.958Z</when>
<when >2025-05-01T22:35:26.338Z</when>
<when >2025-05-01T22:35:45.838Z</when>
<when >2025-05-01T22:35:46.448Z</when>
<when >2025-05-01T22:35:54.658Z</when>
<when >2025-05-01T22:36:07.178Z</when>
<when >2025-05-01T22:36:14.158Z</when>
<when >2025-05-01T22:36:26.978Z</when>
<when >2025-05-01T22:36:36.418Z</when>
<when >2025-05-01T22:36:41.508Z</when>
<when >2025-05-01T22:36:46.658Z</when>
<when >2025-05-01T22:36:48.088Z</when>
<when >2025-05-01T22:36:53.118Z</when>
<when >2025-05-01T22:36:56.718Z</when>
<when >2025-05-01T22:36:59.537Z</when>
<when >2025-05-01T22:37:00.948Z</when>
<when >2025-05-01T22:37:02.988Z</when>
<when >2025-05-01T22:37:05.037Z</when>
<when >2025-05-01T22:37:07.388Z</when>
<when >2025-05-01T22:37:09.818Z</when>
<when >2025-05-01T22:37:12.658Z</when>
<when >2025-05-01T22:37:16.448Z</when>
<when >2025-05-01T22:37:28.358Z</when>
<when >2025-05-01T22:37:38.908Z</when>
<when >2025-05-01T22:37:52.158Z</when>
<when >2025-05-01T22:37:55.418Z</when>
<when >2025-05-01T22:37:57.758Z</when>
<when >2025-05-01T22:38:00.698Z</when>
<when >2025-05-01T22:38:03.608Z</when>
<when >2025-05-01T22:38:05.518Z</when>
<when >2025-05-01T22:38:08.738Z</when>
<when >2025-05-01T22:38:09.208Z</when>
<when >2025-05-01T22:38:12.078Z</when>
<when >2025-05-01T22:38:12.638Z</when>
<when >2025-05-01T22:38:17.108Z</when>
<when >2025-05-01T22:38:26.118Z</when>
<when >2025-05-01T22:38:32.728Z</when>
<when >2025-05-01T22:38:40.748Z</when>
<when >2025-05-01T22:38:46.458Z</when>
<when >2025-05-01T22:39:03.818Z</when>
<when >2025-05-01T22:39:09.938Z</when>
<when >2025-05-01T22:39:15.848Z</when>
<when >2025-05-01T22:39:24.068Z</when>
<when >2025-05-01T22:39:33.778Z</when>
<when >2025-05-01T22:39:35.068Z</when>
<when >2025-05-01T22:39:43.018Z</when>
<when >2025-05-01T22:39:54.888Z</when>
<when >2025-05-01T22:40:07.138Z</when>
<when >2025-05-01T22:40:11.388Z</when>
<when >2025-05-01T22:40:20.058Z</when>
<when >2025-05-01T22:40:22.888Z</when>
<when >2025-05-01T22:40:25.258Z</when>
<when >2025-05-01T22:40:27.018Z</when>
<when >2025-05-01T22:40:27.648Z</when>
<when >2025-05-01T22:40:29.508Z</when>
<when >2025-05-01T22:40:31.108Z</when>
<when >2025-05-01T22:40:32.988Z</when>
<when >2025-05-01T22:40:34.718Z</when>
<when >2025-05-01T22:40:36.128Z</when>
<when >2025-05-01T22:40:37.868Z</when>
<when >2025-05-01T22:40:39.678Z</when>
<when >2025-05-01T22:40:41.508Z</when>
<when >2025-05-01T22:40:43.588Z</when>
<when >2025-05-01T22:40:45.688Z</when>
<when >2025-05-01T22:40:47.537Z</when>
<when >2025-05-01T22:40:49.758Z</when>
<when >2025-05-01T22:40:51.628Z</when>
<when >2025-05-01T22:40:54.208Z</when>
<when >2025-05-01T22:40:56.138Z</when>
<when >2025-05-01T22:40:57.658Z</when>
<when >2025-05-01T22:40:59.708Z</when>
<when >2025-05-01T22:41:01.768Z</when>
<when >2025-05-01T22:41:03.918Z</when>
<when >2025-05-01T22:41:05.808Z</when>
<when >2025-05-01T22:41:07.738Z</when>
<when >2025-05-01T22:41:09.858Z</when>
<when >2025-05-01T22:41:11.658Z</when>
<when >2025-05-01T22:41:13.748Z</when>
<when >2025-05-01T22:41:15.278Z</when>
<when >2025-05-01T22:41:16.658Z</when>
<when >2025-05-01T22:41:17.728Z</when>
<when >2025-05-01T22:41:19.208Z</when>
<when >2025-05-01T22:41:21.258Z</when>
<when >2025-05-01T22:41:22.828Z</when>
<when >2025-05-01T22:41:25.208Z</when>
<when >2025-05-01T22:41:28.178Z</when>
<when >2025-05-01T22:41:35.118Z</when>
<when >2025-05-01T22:41:40.998Z</when>
<when >2025-05-01T22:41:44.728Z</when>
<when >2025-05-01T22:41:47.178Z</when>
<when >2025-05-01T22:41:56.618Z</when>
<when >2025-05-01T22:42:01.798Z</when>
<when >2025-05-01T22:42:06.388Z</when>
<when >2025-05-01T22:42:11.488Z</when>
<when >2025-05-01T22:42:15.888Z</when>
<when >2025-05-01T22:42:18.358Z</when>
<when >2025-05-01T22:42:21.708Z</when>
<when >2025-05-01T22:42:33.318Z</when>
<when >2025-05-01T22:42:42.578Z</when>
<when >2025-05-01T22:42:45.248Z</when>
<when >2025-05-01T22:42:47.918Z</when>
<when >2025-05-01T22:42:50.308Z</when>
<when >2025-05-01T22:42:52.368Z</when>
<when >2025-05-01T22:42:54.508Z</when>
<when >2025-05-01T22:42:56.988Z</when>
<when >2025-05-01T22:42:59.548Z</when>
<when >2025-05-01T22:43:01.798Z</when>
<when >2025-05-01T22:43:04.568Z</when>
<when >2025-05-01T22:43:06.488Z</when>
<when >2025-05-01T22:43:08.628Z</when>
<when >2025-05-01T22:43:11.198Z</when>
<when >2025-05-01T22:43:13.808Z</when>
<when >2025-05-01T22:43:20.148Z</when>
<when >2025-05-01T22:43:25.088Z</when>
<when >2025-05-01T22:43:29.238Z</when>
<when >2025-05-01T22:43:31.758Z</when>
<when >2025-05-01T22:43:34.068Z</when>
<when >2025-05-01T22:43:36.078Z</when>
<when >2025-05-01T22:43:37.148Z</when>
<when >2025-05-01T22:43:38.828Z</when>
<when >2025-05-01T22:43:40.258Z</when>
<when >2025-05-01T22:43:41.448Z</when>
<when >2025-05-01T22:43:42.558Z</when>
<when >2025-05-01T22:43:44.037Z</when>
<when >2025-05-01T22:43:45.498Z</when>
<when >2025-05-01T22:43:47.168Z</when>
<when >2025-05-01T22:43:51.388Z</when>
<when >2025-05-01T22:43:56.058Z</when>
<when >2025-05-01T22:44:00.328Z</when>
<when >2025-05-01T22:44:03.448Z</when>
<when >2025-05-01T22:44:08.078Z</when>
<when >2025-05-01T22:44:13.198Z</when>
<when >2025-05-01T22:44:17.658Z</when>
<when >2025-05-01T22:44:30.878Z</when>
<when >2025-05-01T22:44:34.218Z</when>
<when >2025-05-01T22:44:46.658Z</when>
<when >2025-05-01T22:44:55.378Z</when>
<when >2025-05-01T22:44:58.748Z</when>
<when >2025-05-01T22:45:14.408Z</when>
<when >2025-05-01T22:45:18.988Z</when>
<when >2025-05-01T22:45:23.818Z</when>
<when >2025-05-01T22:45:29.468Z</when>
<when >2025-05-01T22:45:33.408Z</when>
<when >2025-05-01T22:45:39.808Z</when>
<when >2025-05-01T22:45:45.598Z</when>
<when >2025-05-01T22:45:48.088Z</when>
<when >2025-05-01T22:45:50.668Z</when>
<when >2025-05-01T22:45:53.908Z</when>
<when >2025-05-01T22:45:57.168Z</when>
<when >2025-05-01T22:45:58.388Z</when>
<when >2025-05-01T22:45:59.838Z</when>
<when >2025-05-01T22:46:02.238Z</when>
<when >2025-05-01T22:46:07.698Z</when>
<when >2025-05-01T22:46:15.358Z</when>
<when >2025-05-01T22:46:22.178Z</when>
<when >2025-05-01T22:46:29.228Z</when>
<when >2025-05-01T22:46:33.208Z</when>
<when >2025-05-01T22:46:35.368Z</when>
<when >2025-05-01T22:46:38.248Z</when>
<when >2025-05-01T22:46:40.308Z</when>
<when >2025-05-01T22:46:42.698Z</when>
<when >2025-05-01T22:46:45.348Z</when>
<when >2025-05-01T22:46:48.128Z</when>
<when >2025-05-01T22:46:50.578Z</when>
<when >2025-05-01T22:46:53.268Z</when>
<when >2025-05-01T22:46:54.198Z</when>
<when >2025-05-01T22:46:56.537Z</when>
<when >2025-05-01T22:46:58.478Z</when>
<when >2025-05-01T22:47:01.358Z</when>
<when >2025-05-01T22:47:05.128Z</when>
<when >2025-05-01T22:47:11.668Z</when>
<when >2025-05-01T22:47:19.028Z</when>
<when >2025-05-01T22:47:25.848Z</when>
<when >2025-05-01T22:47:27.388Z</when>
<when >2025-05-01T22:47:35.688Z</when>
<when >2025-05-01T22:47:42.328Z</when>
<when >2025-05-01T22:47:49.828Z</when>
<when >2025-05-01T22:47:51.708Z</when>
<when >2025-05-01T22:47:58.148Z</when>
<when >2025-05-01T22:48:07.598Z</when>
<when >2025-05-01T22:48:14.928Z</when>
<when >2025-05-01T22:48:22.648Z</when>
<when >2025-05-01T22:48:29.948Z</when>
<when >2025-05-01T22:48:30.508Z</when>
<when >2025-05-01T22:48:37.968Z</when>
<when >2025-05-01T22:48:45.758Z</when>
<when >2025-05-01T22:48:52.928Z</when>
<when >2025-05-01T22:48:59.978Z</when>
<when >2025-05-01T22:49:10.368Z</when>
<when >2025-05-01T22:49:18.458Z</when>
<when >2025-05-01T22:49:27.018Z</when>
<when >2025-05-01T22:49:37.287Z</when>
<when >2025-05-01T22:49:45.578Z</when>
<when >2025-05-01T22:49:46.138Z</when>
<when >2025-05-01T22:49:54.278Z</when>
<when >2025-05-01T22:50:02.208Z</when>
<when >2025-05-01T22:50:05.608Z</when>
<when >2025-05-01T22:50:09.178Z</when>
<when >2025-05-01T22:50:11.758Z</when>
<when >2025-05-01T22:50:14.528Z</when>
<when >2025-05-01T22:50:18.048Z</when>
<when >2025-05-01T22:50:21.728Z</when>
<when >2025-05-01T22:50:30.178Z</when>
<when >2025-05-01T22:50:34.688Z</when>
<when >2025-05-01T22:50:39.518Z</when>
<when >2025-05-01T22:50:44.818Z</when>
<when >2025-05-01T22:50:47.818Z</when>
<when >2025-05-01T22:50:55.768Z</when>
<when >2025-05-01T22:51:01.787Z</when>
<when >2025-05-01T22:51:05.128Z</when>
<when >2025-05-01T22:51:11.358Z</when>
<when >2025-05-01T22:51:14.458Z</when>
<when >2025-05-01T22:51:25.348Z</when>
<when >2025-05-01T22:51:34.808Z</when>
<when >2025-05-01T22:51:43.738Z</when>
<when >2025-05-01T22:51:53.528Z</when>
<when >2025-05-01T22:52:03.058Z</when>
<when >2025-05-01T22:52:09.938Z</when>
<when >2025-05-01T22:52:10.558Z</when>
<when >2025-05-01T22:52:18.478Z</when>
<when >2025-05-01T22:52:27.787Z</when>
<when >2025-05-01T22:52:35.888Z</when>
<when >2025-05-01T22:52:43.438Z</when>
<when >2025-05-01T22:52:55.328Z</when>
<when >2025-05-01T22:53:06.598Z</when>
<when >2025-05-01T22:53:15.578Z</when>
<when >2025-05-01T22:53:22.168Z</when>
<when >2025-05-01T22:53:29.318Z</when>
<when >2025-05-01T22:53:37.598Z</when>
<when >2025-05-01T22:53:44.978Z</when>
<when >2025-05-01T22:53:56.948Z</when>
<when >2025-05-01T22:54:03.787Z</when>
<when >2025-05-01T22:54:07.328Z</when>
<when >2025-05-01T22:54:16.268Z</when>
<when >2025-05-01T22:54:16.698Z</when>
<when >2025-05-01T22:54:25.798Z</when>
<when >2025-05-01T22:54:35.168Z</when>
<when >2025-05-01T22:54:37.208Z</when>
<when >2025-05-01T22:54:48.128Z</when>
<when >2025-05-01T22:54:58.508Z</when>
<when >2025-05-01T22:55:08.348Z</when>
<when >2025-05-01T22:55:11.338Z</when>
<when >2025-05-01T22:55:26.658Z</when>
<when >2025-05-01T22:55:37.208Z</when>
<when >2025-05-01T22:55:48.578Z</when>
<when >2025-05-01T22:55:50.238Z</when>
<when >2025-05-01T22:55:50.748Z</when>
<when >2025-05-01T22:55:56.058Z</when>
<when >2025-05-01T22:56:09.158Z</when>
<when >2025-05-01T22:56:16.168Z</when>
<when >2025-05-01T22:56:20.298Z</when>
<when >2025-05-01T22:56:26.768Z</when>
<when >2025-05-01T22:56:38.278Z</when>
<when >2025-05-01T22:56:48.738Z</when>
<when >2025-05-01T22:56:58.178Z</when>
<when >2025-05-01T22:57:18.108Z</when>
<when >2025-05-01T22:57:37.958Z</when>
<when >2025-05-01T22:57:49.468Z</when>
<when >2025-05-01T22:57:49.748Z</when>
<when >2025-05-01T22:57:57.068Z</when>
<when >2025-05-01T22:58:16.588Z</when>
<when >2025-05-01T22:58:32.128Z</when>
<when >2025-05-01T22:58:44.528Z</when>
<when >2025-05-01T22:58:54.668Z</when>
<when >2025-05-01T22:59:09.808Z</when>
<when >2025-05-01T22:59:20.358Z</when>
<when >2025-05-01T22:59:31.768Z</when>
<when >2025-05-01T22:59:48.278Z</when>
<when >2025-05-01T22:59:54.818Z</when>
<when >2025-05-01T23:00:14.798Z</when>
<when >2025-05-01T23:00:27.287Z</when>
<when >2025-05-01T23:00:36.378Z</when>
<when >2025-05-01T23:00:56.168Z</when>
<when >2025-05-01T23:01:03.948Z</when>
<when >2025-05-01T23:01:13.198Z</when>
<when >2025-05-01T23:01:32.888Z</when>
<when >2025-05-01T23:01:33.338Z</when>
<when >2025-05-01T23:01:33.918Z</when>
<when >2025-05-01T23:01:34.398Z</when>
<when >2025-05-01T23:01:54.248Z</when>
<when >2025-05-01T23:01:58.618Z</when>
<when >2025-05-01T23:02:00.828Z</when>
<when >2025-05-01T23:02:03.048Z</when>
<when >2025-05-01T23:02:22.648Z</when>
<when >2025-05-01T23:02:42.228Z</when>
<when >2025-05-01T23:02:49.168Z</when>
<when >2025-05-01T23:02:59.698Z</when>
<when >2025-05-01T23:03:19.658Z</when>
<when >2025-05-01T23:03:25.918Z</when>
<when >2025-05-01T23:03:39.298Z</when>
<when >2025-05-01T23:03:58.998Z</when>
<when >2025-05-01T23:04:10.108Z</when>
<when >2025-05-01T23:04:25.398Z</when>
<when >2025-05-01T23:04:34.628Z</when>
<when >2025-05-01T23:04:46.037Z</when>
<when >2025-05-01T23:04:47.508Z</when>
<when >2025-05-01T23:04:58.488Z</when>
<when >2025-05-01T23:05:17.928Z</when>
<when >2025-05-01T23:05:22.838Z</when>
<when >2025-05-01T23:05:34.518Z</when>
<when >2025-05-01T23:05:52.128Z</when>
<when >2025-05-01T23:06:02.548Z</when>
<when >2025-05-01T23:06:13.388Z</when>
<when >2025-05-01T23:06:24.258Z</when>
<when >2025-05-01T23:06:25.988Z</when>
<when >2025-05-01T23:06:45.948Z</when>
<when >2025-05-01T23:06:57.948Z</when>
<when >2025-05-01T23:06:58.428Z</when>
<when >2025-05-01T23:06:59.908Z</when>
<when >2025-05-01T23:07:06.368Z</when>
<when >2025-05-01T23:07:06.828Z</when>
<when >2025-05-01T23:07:07.418Z</when>
<when >2025-05-01T23:07:09.528Z</when>
<when >2025-05-01T23:07:10.898Z</when>
<when >2025-05-01T23:07:11.388Z</when>
<when >2025-05-01T23:07:21.698Z</when>
<when >2025-05-01T23:07:27.898Z</when>
<when >2025-05-01T23:07:35.228Z</when>
<when >2025-05-01T23:07:37.218Z</when>
<when >2025-05-01T23:07:37.778Z</when>
<when >2025-05-01T23:07:39.278Z</when>
<when >2025-05-01T23:07:39.787Z</when>
<when >2025-05-01T23:07:40.298Z</when>
<when >2025-05-01T23:07:56.098Z</when>
<when >2025-05-01T23:08:01.388Z</when>
<when >2025-05-01T23:08:12.888Z</when>
<when >2025-05-01T23:08:13.448Z</when>
<when >2025-05-01T23:08:13.998Z</when>
<when >2025-05-01T23:08:14.618Z</when>
<when >2025-05-01T23:08:15.028Z</when>
<when >2025-05-01T23:08:15.588Z</when>
<when >2025-05-01T23:08:17.148Z</when>
<when >2025-05-01T23:08:19.148Z</when>
<when >2025-05-01T23:08:25.918Z</when>
<when >2025-05-01T23:08:26.328Z</when>
<when >2025-05-01T23:08:31.478Z</when>
<when >2025-05-01T23:08:32.048Z</when>
<when >2025-05-01T23:08:35.008Z</when>
<when >2025-05-01T23:08:35.578Z</when>
<when >2025-05-01T23:08:37.178Z</when>
<when >2025-05-01T23:08:56.878Z</when>
<when >2025-05-01T23:09:08.287Z</when>
<when >2025-05-01T23:09:27.908Z</when>
<when >2025-05-01T23:09:38.858Z</when>
<when >2025-05-01T23:09:47.698Z</when>
<when >2025-05-01T23:09:55.848Z</when>
<when >2025-05-01T23:10:08.168Z</when>
<when >2025-05-01T23:10:15.858Z</when>
<when >2025-05-01T23:10:22.358Z</when>
<when >2025-05-01T23:10:30.548Z</when>
<when >2025-05-01T23:10:42.998Z</when>
<when >2025-05-01T23:10:53.048Z</when>
<when >2025-05-01T23:10:54.558Z</when>
<when >2025-05-01T23:11:10.628Z</when>
<when >2025-05-01T23:11:25.108Z</when>
<when >2025-05-01T23:11:37.388Z</when>
<when >2025-05-01T23:11:50.928Z</when>
<when >2025-05-01T23:12:07.798Z</when>
<when >2025-05-01T23:12:15.098Z</when>
<when >2025-05-01T23:12:27.668Z</when>
<when >2025-05-01T23:12:39.928Z</when>
<when >2025-05-01T23:12:51.758Z</when>
<when >2025-05-01T23:13:03.408Z</when>
<when >2025-05-01T23:13:17.458Z</when>
<when >2025-05-01T23:13:27.588Z</when>
<when >2025-05-01T23:13:38.898Z</when>
<when >2025-05-01T23:13:50.778Z</when>
<when >2025-05-01T23:14:01.088Z</when>
<when >2025-05-01T23:14:12.608Z</when>
<when >2025-05-01T23:14:21.648Z</when>
<when >2025-05-01T23:14:31.148Z</when>
<when >2025-05-01T23:14:44.818Z</when>
<when >2025-05-01T23:14:54.798Z</when>
<when >2025-05-01T23:14:59.268Z</when>
<when >2025-05-01T23:15:04.208Z</when>
<when >2025-05-01T23:15:11.758Z</when>
<when >2025-05-01T23:15:21.368Z</when>
<when >2025-05-01T23:15:30.787Z</when>
<when >2025-05-01T23:15:50.688Z</when>
<when >2025-05-01T23:16:01.298Z</when>
<when >2025-05-01T23:16:20.898Z</when>
<when >2025-05-01T23:16:33.858Z</when>
<when >2025-05-01T23:16:39.518Z</when>
<when >2025-05-01T23:16:42.858Z</when>
<when >2025-05-01T23:16:46.338Z</when>
<when >2025-05-01T23:16:49.537Z</when>
<when >2025-05-01T23:16:52.668Z</when>
<when >2025-05-01T23:16:55.718Z</when>
<when >2025-05-01T23:16:58.758Z</when>
<when >2025-05-01T23:17:02.658Z</when>
<when >2025-05-01T23:17:04.878Z</when>
<when >2025-05-01T23:17:08.968Z</when>
<when >2025-05-01T23:17:20.078Z</when>
<when >2025-05-01T23:17:31.798Z</when>
<when >2025-05-01T23:17:43.768Z</when>
<when >2025-05-01T23:17:59.058Z</when>
<when >2025-05-01T23:18:18.998Z</when>
<when >2025-05-01T23:18:32.888Z</when>
<when >2025-05-01T23:18:48.328Z</when>
<when >2025-05-01T23:19:03.948Z</when>
<when >2025-05-01T23:19:09.037Z</when>
<when >2025-05-01T23:19:11.388Z</when>
<when >2025-05-01T23:19:28.488Z</when>
<when >2025-05-01T23:19:48.048Z</when>
<when >2025-05-01T23:19:52.108Z</when>
<when >2025-05-01T23:20:04.608Z</when>
<when >2025-05-01T23:20:13.338Z</when>
<when >2025-05-01T23:20:28.518Z</when>
<when >2025-05-01T23:20:48.108Z</when>
<when >2025-05-01T23:20:58.168Z</when>
<when >2025-05-01T23:21:09.268Z</when>
<when >2025-05-01T23:21:24.358Z</when>
<when >2025-05-01T23:21:39.878Z</when>
<when >2025-05-01T23:21:47.468Z</when>
<when >2025-05-01T23:22:04.848Z</when>
<when >2025-05-01T23:22:11.828Z</when>
<when >2025-05-01T23:22:24.338Z</when>
<when >2025-05-01T23:22:32.128Z</when>
<when >2025-05-01T23:22:52.028Z</when>
<when >2025-05-01T23:22:58.308Z</when>
<when >2025-05-01T23:22:58.928Z</when>
<when >2025-05-01T23:22:59.428Z</when>
<when >2025-05-01T23:23:19.008Z</when>
<when >2025-05-01T23:23:38.728Z</when>
<when >2025-05-01T23:23:54.768Z</when>
<when >2025-05-01T23:23:58.168Z</when>
<when >2025-05-01T23:24:01.648Z</when>
<when >2025-05-01T23:24:05.658Z</when>
<when >2025-05-01T23:24:08.838Z</when>
<when >2025-05-01T23:24:14.218Z</when>
<when >2025-05-01T23:24:17.758Z</when>
<when >2025-05-01T23:24:20.658Z</when>
<when >2025-05-01T23:24:26.398Z</when>
<when >2025-05-01T23:24:29.588Z</when>
<when >2025-05-01T23:24:43.638Z</when>
<when >2025-05-01T23:24:50.458Z</when>
<when >2025-05-01T23:24:57.358Z</when>
<when >2025-05-01T23:25:04.728Z</when>
<when >2025-05-01T23:25:16.278Z</when>
<when >2025-05-01T23:25:16.638Z</when>
<when >2025-05-01T23:25:24.898Z</when>
<when >2025-05-01T23:25:28.928Z</when>
<when >2025-05-01T23:25:31.568Z</when>
<when >2025-05-01T23:25:35.438Z</when>
<when >2025-05-01T23:25:40.408Z</when>
<when >2025-05-01T23:25:45.888Z</when>
<when >2025-05-01T23:25:52.328Z</when>
<when >2025-05-01T23:25:58.758Z</when>
<when >2025-05-01T23:26:04.537Z</when>
<when >2025-05-01T23:26:11.028Z</when>
<when >2025-05-01T23:26:18.698Z</when>
<when >2025-05-01T23:26:23.108Z</when>
<when >2025-05-01T23:26:34.718Z</when>
<when >2025-05-01T23:26:43.098Z</when>
<when >2025-05-01T23:26:54.558Z</when>
<when >2025-05-01T23:27:10.278Z</when>
<when >2025-05-01T23:27:16.528Z</when>
<when >2025-05-01T23:27:36.258Z</when>
<when >2025-05-01T23:27:41.928Z</when>
<when >2025-05-01T23:27:51.287Z</when>
<when >2025-05-01T23:27:58.548Z</when>
<when >2025-05-01T23:28:05.478Z</when>
<when >2025-05-01T23:28:14.848Z</when>
<when >2025-05-01T23:28:26.188Z</when>
<when >2025-05-01T23:28:34.478Z</when>
<when >2025-05-01T23:28:43.108Z</when>
<when >2025-05-01T23:28:50.818Z</when>
<when >2025-05-01T23:28:59.848Z</when>
<when >2025-05-01T23:29:08.218Z</when>
<when >2025-05-01T23:29:15.128Z</when>
<when >2025-05-01T23:29:25.458Z</when>
<when >2025-05-01T23:29:34.898Z</when>
<when >2025-05-01T23:29:43.718Z</when>
<when >2025-05-01T23:29:48.898Z</when>
<when >2025-05-01T23:30:06.888Z</when>
<when >2025-05-01T23:30:20.418Z</when>
<when >2025-05-01T23:30:28.718Z</when>
<when >2025-05-01T23:30:45.728Z</when>
<when >2025-05-01T23:30:58.678Z</when>
<when >2025-05-01T23:31:01.398Z</when>
<when >2025-05-01T23:31:12.208Z</when>
<when >2025-05-01T23:31:27.988Z</when>
<when >2025-05-01T23:31:35.398Z</when>
<when >2025-05-01T23:31:46.358Z</when>
<when >2025-05-01T23:32:06.018Z</when>
<when >2025-05-01T23:32:25.878Z</when>
<when >2025-05-01T23:32:34.628Z</when>
<when >2025-05-01T23:32:46.648Z</when>
<when >2025-05-01T23:32:49.238Z</when>
<when >2025-05-01T23:32:52.198Z</when>
<when >2025-05-01T23:32:55.128Z</when>
<when >2025-05-01T23:32:58.138Z</when>
<when >2025-05-01T23:33:00.858Z</when>
<when >2025-05-01T23:33:03.458Z</when>
<when >2025-05-01T23:33:05.968Z</when>
<when >2025-05-01T23:33:08.588Z</when>
<when >2025-05-01T23:33:11.388Z</when>
<when >2025-05-01T23:33:13.908Z</when>
<when >2025-05-01T23:33:16.608Z</when>
<when >2025-05-01T23:33:19.068Z</when>
<when >2025-05-01T23:33:21.598Z</when>
<when >2025-05-01T23:33:25.018Z</when>
<when >2025-05-01T23:33:27.248Z</when>
<when >2025-05-01T23:33:30.198Z</when>
<when >2025-05-01T23:33:32.988Z</when>
<when >2025-05-01T23:33:35.908Z</when>
<when >2025-05-01T23:33:38.668Z</when>
<when >2025-05-01T23:33:41.628Z</when>
<when >2025-05-01T23:33:44.908Z</when>
<when >2025-05-01T23:33:48.278Z</when>
<when >2025-05-01T23:33:51.698Z</when>
<when >2025-05-01T23:33:55.328Z</when>
<when >2025-05-01T23:33:58.828Z</when>
<when >2025-05-01T23:34:07.878Z</when>
<when >2025-05-01T23:34:16.888Z</when>
<when >2025-05-01T23:34:23.208Z</when>
<when >2025-05-01T23:34:30.058Z</when>
<when >2025-05-01T23:34:34.608Z</when>
<when >2025-05-01T23:34:38.078Z</when>
<when >2025-05-01T23:34:41.498Z</when>
<when >2025-05-01T23:34:44.988Z</when>
<when >2025-05-01T23:34:48.518Z</when>
<when >2025-05-01T23:35:01.537Z</when>
<when >2025-05-01T23:35:07.548Z</when>
<when >2025-05-01T23:35:12.318Z</when>
<when >2025-05-01T23:35:16.978Z</when>
<when >2025-05-01T23:35:22.798Z</when>
<when >2025-05-01T23:35:29.478Z</when>
<when >2025-05-01T23:35:39.668Z</when>
<when >2025-05-01T23:35:52.698Z</when>
<when >2025-05-01T23:35:58.998Z</when>
<when >2025-05-01T23:36:03.158Z</when>
<when >2025-05-01T23:36:09.748Z</when>
<when >2025-05-01T23:36:24.408Z</when>
<when >2025-05-01T23:36:28.338Z</when>
<when >2025-05-01T23:36:31.508Z</when>
<when >2025-05-01T23:36:34.228Z</when>
<when >2025-05-01T23:36:36.858Z</when>
<when >2025-05-01T23:36:38.948Z</when>
<when >2025-05-01T23:36:40.588Z</when>
<when >2025-05-01T23:36:42.518Z</when>
<when >2025-05-01T23:36:44.458Z</when>
<when >2025-05-01T23:36:45.948Z</when>
<when >2025-05-01T23:36:47.448Z</when>
<when >2025-05-01T23:36:49.358Z</when>
<when >2025-05-01T23:36:50.458Z</when>
<when >2025-05-01T23:36:51.818Z</when>
<when >2025-05-01T23:36:53.418Z</when>
<when >2025-05-01T23:36:55.008Z</when>
<when >2025-05-01T23:36:55.938Z</when>
<when >2025-05-01T23:36:56.888Z</when>
<when >2025-05-01T23:36:58.428Z</when>
<when >2025-05-01T23:36:59.608Z</when>
<when >2025-05-01T23:37:01.338Z</when>
<when >2025-05-01T23:37:02.878Z</when>
<when >2025-05-01T23:37:04.898Z</when>
<when >2025-05-01T23:37:13.988Z</when>
<when >2025-05-01T23:37:17.588Z</when>
<when >2025-05-01T23:37:21.748Z</when>
<when >2025-05-01T23:37:28.088Z</when>
<when >2025-05-01T23:37:34.238Z</when>
<when >2025-05-01T23:37:45.037Z</when>
<when >2025-05-01T23:37:46.908Z</when>
<when >2025-05-01T23:37:48.148Z</when>
<when >2025-05-01T23:37:49.168Z</when>
<when >2025-05-01T23:38:00.548Z</when>
<when >2025-05-01T23:38:06.858Z</when>
<when >2025-05-01T23:38:08.868Z</when>
<when >2025-05-01T23:38:10.508Z</when>
<when >2025-05-01T23:38:11.478Z</when>
<when >2025-05-01T23:38:12.548Z</when>
<when >2025-05-01T23:38:13.818Z</when>
<when >2025-05-01T23:38:14.958Z</when>
<when >2025-05-01T23:38:16.148Z</when>
<when >2025-05-01T23:38:17.178Z</when>
<when >2025-05-01T23:38:18.178Z</when>
<when >2025-05-01T23:38:20.228Z</when>
<when >2025-05-01T23:38:33.178Z</when>
<when >2025-05-01T23:38:37.278Z</when>
<when >2025-05-01T23:38:47.818Z</when>
<when >2025-05-01T23:38:50.878Z</when>
<when >2025-05-01T23:38:51.308Z</when>
<when >2025-05-01T23:38:57.658Z</when>
<when >2025-05-01T23:38:58.268Z</when>
<when >2025-05-01T23:38:59.318Z</when>
<when >2025-05-01T23:39:00.198Z</when>
<when >2025-05-01T23:39:06.318Z</when>
<when >2025-05-01T23:39:10.808Z</when>
<when >2025-05-01T23:39:23.848Z</when>
<when >2025-05-01T23:39:35.878Z</when>
<when >2025-05-01T23:39:48.578Z</when>
<when >2025-05-01T23:39:55.318Z</when>
<when >2025-05-01T23:40:07.248Z</when>
<when >2025-05-01T23:40:14.838Z</when>
<when >2025-05-01T23:40:22.928Z</when>
<when >2025-05-01T23:40:35.898Z</when>
<when >2025-05-01T23:40:43.568Z</when>
<when >2025-05-01T23:40:50.888Z</when>
<when >2025-05-01T23:40:52.608Z</when>
<when >2025-05-01T23:40:54.748Z</when>
<when >2025-05-01T23:40:59.238Z</when>
<when >2025-05-01T23:41:04.638Z</when>
<when >2025-05-01T23:41:09.537Z</when>
<when >2025-05-01T23:41:10.108Z</when>
<when >2025-05-01T23:41:13.208Z</when>
<when >2025-05-01T23:41:16.218Z</when>
<when >2025-05-01T23:41:18.638Z</when>
<when >2025-05-01T23:41:21.638Z</when>
<when >2025-05-01T23:41:23.938Z</when>
<when >2025-05-01T23:41:26.088Z</when>
<when >2025-05-01T23:41:28.188Z</when>
<when >2025-05-01T23:41:30.568Z</when>
<when >2025-05-01T23:41:32.738Z</when>
<when >2025-05-01T23:41:34.808Z</when>
<when >2025-05-01T23:41:37.388Z</when>
<when >2025-05-01T23:41:37.888Z</when>
<when >2025-05-01T23:41:41.037Z</when>
<when >2025-05-01T23:41:44.308Z</when>
<when >2025-05-01T23:41:47.358Z</when>
<when >2025-05-01T23:41:49.528Z</when>
<when >2025-05-01T23:41:53.098Z</when>
<when >2025-05-01T23:41:59.287Z</when>
<when >2025-05-01T23:42:05.348Z</when>
<when >2025-05-01T23:42:10.768Z</when>
<when >2025-05-01T23:42:12.118Z</when>
<when >2025-05-01T23:42:23.758Z</when>
<when >2025-05-01T23:42:31.298Z</when>
<when >2025-05-01T23:42:41.428Z</when>
<when >2025-05-01T23:42:54.158Z</when>
<when >2025-05-01T23:43:00.998Z</when>
<when >2025-05-01T23:43:11.037Z</when>
<when >2025-05-01T23:43:23.608Z</when>
<when >2025-05-01T23:43:31.638Z</when>
<when >2025-05-01T23:43:38.498Z</when>
<when >2025-05-01T23:43:50.008Z</when>
<when >2025-05-01T23:44:01.318Z</when>
<when >2025-05-01T23:44:10.118Z</when>
<when >2025-05-01T23:44:18.678Z</when>
<when >2025-05-01T23:44:19.128Z</when>
<when >2025-05-01T23:44:19.558Z</when>
<when >2025-05-01T23:44:23.468Z</when>
<when >2025-05-01T23:44:33.978Z</when>
<when >2025-05-01T23:44:36.548Z</when>
<when >2025-05-01T23:44:44.228Z</when>
<when >2025-05-01T23:44:53.088Z</when>
<when >2025-05-01T23:45:02.868Z</when>
<when >2025-05-01T23:45:20.408Z</when>
<when >2025-05-01T23:45:30.908Z</when>
<when >2025-05-01T23:45:47.758Z</when>
<when >2025-05-01T23:46:01.537Z</when>
<when >2025-05-01T23:46:05.688Z</when>
<when >2025-05-01T23:46:14.658Z</when>
<when >2025-05-01T23:46:15.098Z</when>
<when >2025-05-01T23:46:16.468Z</when>
<when >2025-05-01T23:46:25.568Z</when>
<when >2025-05-01T23:46:32.898Z</when>
<when >2025-05-01T23:46:43.918Z</when>
<when >2025-05-01T23:46:50.618Z</when>
<when >2025-05-01T23:46:57.638Z</when>
<when >2025-05-01T23:47:04.018Z</when>
<when >2025-05-01T23:47:19.258Z</when>
<when >2025-05-01T23:47:28.768Z</when>
<when >2025-05-01T23:47:31.628Z</when>
<when >2025-05-01T23:47:39.258Z</when>
<when >2025-05-01T23:47:47.748Z</when>
<when >2025-05-01T23:47:58.858Z</when>
<when >2025-05-01T23:48:01.998Z</when>
<when >2025-05-01T23:48:20.178Z</when>
<when >2025-05-01T23:48:33.458Z</when>
<when >2025-05-01T23:48:43.428Z</when>
<when >2025-05-01T23:48:45.338Z</when>
<when >2025-05-01T23:48:53.928Z</when>
<when >2025-05-01T23:48:54.608Z</when>
<when >2025-05-01T23:49:05.138Z</when>
<when >2025-05-01T23:49:05.588Z</when>
<when >2025-05-01T23:49:15.428Z</when>
<when >2025-05-01T23:49:23.128Z</when>
<when >2025-05-01T23:49:31.188Z</when>
<when >2025-05-01T23:49:39.008Z</when>
<when >2025-05-01T23:49:44.018Z</when>
<when >2025-05-01T23:49:49.668Z</when>
<when >2025-05-01T23:49:55.168Z</when>
<when >2025-05-01T23:50:01.058Z</when>
<when >2025-05-01T23:50:07.748Z</when>
<when >2025-05-01T23:50:12.878Z</when>
<when >2025-05-01T23:50:19.308Z</when>
<when >2025-05-01T23:50:26.928Z</when>
<when >2025-05-01T23:50:34.678Z</when>
<when >2025-05-01T23:50:38.248Z</when>
<when >2025-05-01T23:50:51.318Z</when>
<when >2025-05-01T23:50:59.608Z</when>
<when >2025-05-01T23:51:04.228Z</when>
<when >2025-05-01T23:51:10.868Z</when>
<when >2025-05-01T23:51:27.878Z</when>
<when >2025-05-01T23:51:47.798Z</when>
<when >2025-05-01T23:51:56.428Z</when>
<when >2025-05-01T23:52:16.118Z</when>
<when >2025-05-01T23:52:16.578Z</when>
<when >2025-05-01T23:52:23.468Z</when>
<when >2025-05-01T23:52:23.958Z</when>
<when >2025-05-01T23:52:26.058Z</when>
<when >2025-05-01T23:52:39.168Z</when>
<when >2025-05-01T23:52:52.058Z</when>
<when >2025-05-01T23:53:03.068Z</when>
<when >2025-05-01T23:53:10.508Z</when>
<when >2025-05-01T23:53:24.488Z</when>
<when >2025-05-01T23:53:26.978Z</when>
<when >2025-05-01T23:53:33.708Z</when>
<when >2025-05-01T23:53:35.178Z</when>
<when >2025-05-01T23:53:47.868Z</when>
<when >2025-05-01T23:54:01.728Z</when>
<when >2025-05-01T23:54:10.278Z</when>
<when >2025-05-01T23:54:20.258Z</when>
<when >2025-05-01T23:54:27.578Z</when>
<when >2025-05-01T23:54:33.938Z</when>
<when >2025-05-01T23:54:42.037Z</when>
<when >2025-05-01T23:54:42.578Z</when>
<when >2025-05-01T23:54:44.148Z</when>
<when >2025-05-01T23:54:53.287Z</when>
<when >2025-05-01T23:55:05.718Z</when>
<when >2025-05-01T23:55:08.448Z</when>
<when >2025-05-01T23:55:10.858Z</when>
<when >2025-05-01T23:55:13.308Z</when>
<when >2025-05-01T23:55:15.718Z</when>
<when >2025-05-01T23:55:18.338Z</when>
<when >2025-05-01T23:55:24.258Z</when>
<when >2025-05-01T23:55:42.458Z</when>
<when >2025-05-01T23:55:50.548Z</when>
<when >2025-05-01T23:56:01.138Z</when>
<when >2025-05-01T23:56:14.738Z</when>
<when >2025-05-01T23:56:28.598Z</when>
<when >2025-05-01T23:56:36.948Z</when>
<when >2025-05-01T23:56:41.088Z</when>
<when >2025-05-01T23:56:47.498Z</when>
<when >2025-05-01T23:56:57.268Z</when>
<when >2025-05-01T23:57:08.308Z</when>
<when >2025-05-01T23:57:15.728Z</when>
<when >2025-05-01T23:57:30.248Z</when>
<when >2025-05-01T23:57:43.287Z</when>
<when >2025-05-01T23:57:52.978Z</when>
<when >2025-05-01T23:58:01.458Z</when>
<when >2025-05-01T23:58:09.528Z</when>
<when >2025-05-01T23:58:10.037Z</when>
<when >2025-05-01T23:58:20.448Z</when>
<when >2025-05-01T23:58:26.988Z</when>
<when >2025-05-01T23:58:32.028Z</when>
<when >2025-05-01T23:58:35.408Z</when>
<when >2025-05-01T23:58:38.448Z</when>
<when >2025-05-01T23:58:41.128Z</when>
<when >2025-05-01T23:58:43.838Z</when>
<when >2025-05-01T23:58:47.388Z</when>
<when >2025-05-01T23:58:53.198Z</when>
<when >2025-05-01T23:58:59.858Z</when>
<when >2025-05-01T23:59:06.158Z</when>
<when >2025-05-01T23:59:09.528Z</when>
<when >2025-05-01T23:59:09.968Z</when>
<when >2025-05-01T23:59:10.478Z</when>
<when >2025-05-01T23:59:11.128Z</when>
<when >2025-05-01T23:59:11.638Z</when>
<when >2025-05-01T23:59:18.968Z</when>
<when >2025-05-01T23:59:33.478Z</when>
<when >2025-05-01T23:59:43.818Z</when>
<when >2025-05-01T23:59:46.898Z</when>
<when >2025-05-01T23:59:48.658Z</when>
<when >2025-05-01T23:59:50.598Z</when>
<when >2025-05-01T23:59:52.558Z</when>
<when >2025-05-01T23:59:54.268Z</when>
<when >2025-05-01T23:59:56.178Z</when>
<when >2025-05-01T23:59:57.678Z</when>
<when >2025-05-01T23:59:59.648Z</when>
<when >2025-05-02T00:00:01.278Z</when>
<when >2025-05-02T00:00:03.128Z</when>
<when >2025-05-02T00:00:05.318Z</when>
<when >2025-05-02T00:00:06.678Z</when>
<when >2025-05-02T00:00:08.418Z</when>
<when >2025-05-02T00:00:09.878Z</when>
<when >2025-05-02T00:00:11.938Z</when>
<when >2025-05-02T00:00:14.928Z</when>
<when >2025-05-02T00:00:23.508Z</when>
<when >2025-05-02T00:00:23.988Z</when>
<when >2025-05-02T00:00:31.908Z</when>
<when >2025-05-02T00:00:37.278Z</when>
<when >2025-05-02T00:00:47.958Z</when>
<when >2025-05-02T00:00:51.378Z</when>
<when >2025-05-02T00:01:05.287Z</when>
<when >2025-05-02T00:01:08.758Z</when>
<when >2025-05-02T00:01:11.388Z</when>
<when >2025-05-02T00:01:14.058Z</when>
<when >2025-05-02T00:01:16.968Z</when>
<when >2025-05-02T00:01:19.408Z</when>
<when >2025-05-02T00:01:22.048Z</when>
<when >2025-05-02T00:01:24.668Z</when>
<when >2025-05-02T00:01:27.328Z</when>
<when >2025-05-02T00:01:30.468Z</when>
<when >2025-05-02T00:01:33.638Z</when>
<when >2025-05-02T00:01:36.578Z</when>
<when >2025-05-02T00:01:39.378Z</when>
<when >2025-05-02T00:01:41.898Z</when>
<when >2025-05-02T00:01:44.558Z</when>
<when >2025-05-02T00:01:46.948Z</when>
<when >2025-05-02T00:01:49.098Z</when>
<when >2025-05-02T00:01:52.128Z</when>
<when >2025-05-02T00:01:53.748Z</when>
<when >2025-05-02T00:01:56.558Z</when>
<when >2025-05-02T00:01:58.978Z</when>
<when >2025-05-02T00:02:01.548Z</when>
<when >2025-05-02T00:02:03.968Z</when>
<when >2025-05-02T00:02:06.548Z</when>
<when >2025-05-02T00:02:08.698Z</when>
<when >2025-05-02T00:02:11.078Z</when>
<when >2025-05-02T00:02:13.838Z</when>
<when >2025-05-02T00:02:16.218Z</when>
<when >2025-05-02T00:02:19.218Z</when>
<when >2025-05-02T00:02:22.418Z</when>
<when >2025-05-02T00:02:25.368Z</when>
<when >2025-05-02T00:02:28.178Z</when>
<when >2025-05-02T00:02:31.188Z</when>
<when >2025-05-02T00:02:34.078Z</when>
<when >2025-05-02T00:02:36.848Z</when>
<when >2025-05-02T00:02:39.287Z</when>
<when >2025-05-02T00:02:41.238Z</when>
<when >2025-05-02T00:02:42.798Z</when>
<when >2025-05-02T00:02:44.108Z</when>
<when >2025-05-02T00:02:45.708Z</when>
<when >2025-05-02T00:02:47.378Z</when>
<when >2025-05-02T00:02:49.188Z</when>
<when >2025-05-02T00:02:51.338Z</when>
<when >2025-05-02T00:02:52.648Z</when>
<when >2025-05-02T00:02:55.368Z</when>
<when >2025-05-02T00:02:56.848Z</when>
<when >2025-05-02T00:02:58.428Z</when>
<when >2025-05-02T00:03:00.448Z</when>
<when >2025-05-02T00:03:02.098Z</when>
<when >2025-05-02T00:03:04.148Z</when>
<when >2025-05-02T00:03:06.238Z</when>
<when >2025-05-02T00:03:08.348Z</when>
<when >2025-05-02T00:03:08.888Z</when>
<when >2025-05-02T00:03:10.938Z</when>
<when >2025-05-02T00:03:13.638Z</when>
<when >2025-05-02T00:03:16.058Z</when>
<when >2025-05-02T00:03:17.668Z</when>
<when >2025-05-02T00:03:19.068Z</when>
<when >2025-05-02T00:03:21.978Z</when>
<when >2025-05-02T00:03:25.848Z</when>
<when >2025-05-02T00:03:30.888Z</when>
<when >2025-05-02T00:03:36.188Z</when>
<when >2025-05-02T00:03:41.858Z</when>
<when >2025-05-02T00:03:48.688Z</when>
<when >2025-05-02T00:03:59.978Z</when>
<when >2025-05-02T00:04:15.448Z</when>
<when >2025-05-02T00:04:35.098Z</when>
<when >2025-05-02T00:04:47.638Z</when>
<when >2025-05-02T00:04:51.537Z</when>
<when >2025-05-02T00:04:55.658Z</when>
<when >2025-05-02T00:04:58.948Z</when>
<when >2025-05-02T00:05:03.608Z</when>
<when >2025-05-02T00:05:08.798Z</when>
<when >2025-05-02T00:05:14.568Z</when>
<when >2025-05-02T00:05:18.778Z</when>
<when >2025-05-02T00:05:22.988Z</when>
<when >2025-05-02T00:05:27.528Z</when>
<when >2025-05-02T00:05:41.798Z</when>
<when >2025-05-02T00:05:50.748Z</when>
<when >2025-05-02T00:05:59.698Z</when>
<when >2025-05-02T00:06:05.858Z</when>
<when >2025-05-02T00:06:13.828Z</when>
<when >2025-05-02T00:06:19.328Z</when>
<when >2025-05-02T00:06:23.988Z</when>
<when >2025-05-02T00:06:27.818Z</when>
<when >2025-05-02T00:06:31.258Z</when>
<when >2025-05-02T00:06:34.968Z</when>
<when >2025-05-02T00:06:39.098Z</when>
<when >2025-05-02T00:06:44.958Z</when>
<when >2025-05-02T00:07:04.558Z</when>
<when >2025-05-02T00:07:16.438Z</when>
<when >2025-05-02T00:07:25.287Z</when>
<when >2025-05-02T00:07:33.238Z</when>
<when >2025-05-02T00:07:35.868Z</when>
<when >2025-05-02T00:07:37.768Z</when>
<when >2025-05-02T00:07:40.558Z</when>
<when >2025-05-02T00:07:43.488Z</when>
<when >2025-05-02T00:07:46.228Z</when>
<when >2025-05-02T00:07:49.158Z</when>
<when >2025-05-02T00:07:51.188Z</when>
<when >2025-05-02T00:07:55.218Z</when>
<when >2025-05-02T00:07:59.688Z</when>
<when >2025-05-02T00:08:02.058Z</when>
<when >2025-05-02T00:08:09.037Z</when>
<when >2025-05-02T00:08:14.268Z</when>
<when >2025-05-02T00:08:22.618Z</when>
<when >2025-05-02T00:08:26.668Z</when>
<when >2025-05-02T00:08:35.268Z</when>
<when >2025-05-02T00:08:39.098Z</when>
<when >2025-05-02T00:08:44.308Z</when>
<when >2025-05-02T00:08:48.888Z</when>
<when >2025-05-02T00:08:51.848Z</when>
<when >2025-05-02T00:08:54.728Z</when>
<when >2025-05-02T00:08:57.208Z</when>
<when >2025-05-02T00:08:59.708Z</when>
<when >2025-05-02T00:09:02.248Z</when>
<when >2025-05-02T00:09:05.928Z</when>
<when >2025-05-02T00:09:11.928Z</when>
<when >2025-05-02T00:09:22.478Z</when>
<when >2025-05-02T00:09:25.598Z</when>
<when >2025-05-02T00:09:35.618Z</when>
<when >2025-05-02T00:09:40.658Z</when>
<when >2025-05-02T00:09:42.178Z</when>
<when >2025-05-02T00:09:43.778Z</when>
<when >2025-05-02T00:09:45.268Z</when>
<when >2025-05-02T00:09:47.088Z</when>
<when >2025-05-02T00:09:48.948Z</when>
<when >2025-05-02T00:09:50.458Z</when>
<when >2025-05-02T00:09:51.808Z</when>
<when >2025-05-02T00:09:52.918Z</when>
<when >2025-05-02T00:09:54.358Z</when>
<when >2025-05-02T00:09:54.768Z</when>
<when >2025-05-02T00:09:57.008Z</when>
<when >2025-05-02T00:09:59.868Z</when>
<when >2025-05-02T00:10:07.018Z</when>
<when >2025-05-02T00:10:12.768Z</when>
<when >2025-05-02T00:10:16.848Z</when>
<when >2025-05-02T00:10:28.318Z</when>
<when >2025-05-02T00:10:33.358Z</when>
<when >2025-05-02T00:10:44.008Z</when>
<when >2025-05-02T00:10:52.188Z</when>
<when >2025-05-02T00:10:52.188Z</when>
<gx:coord >-81.231273 28.77832 83</gx:coord>
<gx:coord >-81.230056 28.778314 91</gx:coord>
<gx:coord >-81.226825 28.778268 121</gx:coord>
<gx:coord >-81.223432 28.778268 167</gx:coord>
<gx:coord >-81.220254 28.778361 213</gx:coord>
<gx:coord >-81.216538 28.778361 213</gx:coord>
<gx:coord >-81.215731 28.778361 221</gx:coord>
<gx:coord >-81.212416 28.778412 236</gx:coord>
<gx:coord >-81.210409 28.778549 274</gx:coord>
<gx:coord >-81.205127 28.77887 312</gx:coord>
<gx:coord >-81.200743 28.77919 342</gx:coord>
<gx:coord >-81.196181 28.779431 373</gx:coord>
<gx:coord >-81.193666 28.77951 365</gx:coord>
<gx:coord >-81.192035 28.779338 373</gx:coord>
<gx:coord >-81.19113 28.779282 381</gx:coord>
<gx:coord >-81.188642 28.778966 403</gx:coord>
<gx:coord >-81.188014 28.77887 434</gx:coord>
<gx:coord >-81.18401 28.778221 464</gx:coord>
<gx:coord >-81.179986 28.777405 457</gx:coord>
<gx:coord >-81.17157 28.775614 457</gx:coord>
<gx:coord >-81.166411 28.774704 495</gx:coord>
<gx:coord >-81.161876 28.773892 434</gx:coord>
<gx:coord >-81.151886 28.772141 457</gx:coord>
<gx:coord >-81.151051 28.771936 495</gx:coord>
<gx:coord >-81.150297 28.771611 464</gx:coord>
<gx:coord >-81.149298 28.771088 472</gx:coord>
<gx:coord >-81.148412 28.77054 487</gx:coord>
<gx:coord >-81.147608 28.769852 487</gx:coord>
<gx:coord >-81.147238 28.76944 525</gx:coord>
<gx:coord >-81.146635 28.768724 502</gx:coord>
<gx:coord >-81.14597 28.7677 502</gx:coord>
<gx:coord >-81.145548 28.76683 510</gx:coord>
<gx:coord >-81.145235 28.765885 510</gx:coord>
<gx:coord >-81.14502 28.764767 518</gx:coord>
<gx:coord >-81.14502 28.763489 525</gx:coord>
<gx:coord >-81.145125 28.762482 533</gx:coord>
<gx:coord >-81.145495 28.761337 548</gx:coord>
<gx:coord >-81.146043 28.760112 548</gx:coord>
<gx:coord >-81.146182 28.759918 556</gx:coord>
<gx:coord >-81.147027 28.758636 594</gx:coord>
<gx:coord >-81.147977 28.757629 579</gx:coord>
<gx:coord >-81.14922 28.756481 579</gx:coord>
<gx:coord >-81.150618 28.755432 586</gx:coord>
<gx:coord >-81.15159 28.754759 602</gx:coord>
<gx:coord >-81.154013 28.753362 617</gx:coord>
<gx:coord >-81.156114 28.752245 662</gx:coord>
<gx:coord >-81.159129 28.750895 647</gx:coord>
<gx:coord >-81.161024 28.750122 693</gx:coord>
<gx:coord >-81.165107 28.748567 678</gx:coord>
<gx:coord >-81.167098 28.747925 693</gx:coord>
<gx:coord >-81.170816 28.746798 754</gx:coord>
<gx:coord >-81.174424 28.745867 762</gx:coord>
<gx:coord >-81.17951 28.744766 777</gx:coord>
<gx:coord >-81.182098 28.744263 784</gx:coord>
<gx:coord >-81.183149 28.744052 784</gx:coord>
<gx:coord >-81.184118 28.743912 784</gx:coord>
<gx:coord >-81.18568 28.743633 815</gx:coord>
<gx:coord >-81.186057 28.74354 784</gx:coord>
<gx:coord >-81.187349 28.743307 784</gx:coord>
<gx:coord >-81.18775 28.743256 777</gx:coord>
<gx:coord >-81.191819 28.742515 784</gx:coord>
<gx:coord >-81.192821 28.74234 746</gx:coord>
<gx:coord >-81.198842 28.741287 777</gx:coord>
<gx:coord >-81.207222 28.740002 769</gx:coord>
<gx:coord >-81.21503 28.739024 769</gx:coord>
<gx:coord >-81.222927 28.738083 762</gx:coord>
<gx:coord >-81.229517 28.737302 769</gx:coord>
<gx:coord >-81.237505 28.736572 807</gx:coord>
<gx:coord >-81.242012 28.736184 746</gx:coord>
<gx:coord >-81.250393 28.735657 769</gx:coord>
<gx:coord >-81.261961 28.735245 769</gx:coord>
<gx:coord >-81.270393 28.735067 754</gx:coord>
<gx:coord >-81.279496 28.735107 769</gx:coord>
<gx:coord >-81.288273 28.735207 762</gx:coord>
<gx:coord >-81.297482 28.735021 753</gx:coord>
<gx:coord >-81.303899 28.734787 768</gx:coord>
<gx:coord >-81.318539 28.734415 806</gx:coord>
<gx:coord >-81.321118 28.734329 776</gx:coord>
<gx:coord >-81.32154 28.734329 806</gx:coord>
<gx:coord >-81.324657 28.734283 776</gx:coord>
<gx:coord >-81.326132 28.734229 776</gx:coord>
<gx:coord >-81.335126 28.734089 745</gx:coord>
<gx:coord >-81.348953 28.73378 753</gx:coord>
<gx:coord >-81.362053 28.733298 768</gx:coord>
<gx:coord >-81.364746 28.733252 776</gx:coord>
<gx:coord >-81.37514 28.733158 745</gx:coord>
<gx:coord >-81.376271 28.733205 776</gx:coord>
<gx:coord >-81.378162 28.733231 776</gx:coord>
<gx:coord >-81.382335 28.733322 806</gx:coord>
<gx:coord >-81.391525 28.733643 799</gx:coord>
<gx:coord >-81.395605 28.73381 738</gx:coord>
<gx:coord >-81.404572 28.733871 745</gx:coord>
<gx:coord >-81.41017 28.733871 707</gx:coord>
<gx:coord >-81.413592 28.733903 776</gx:coord>
<gx:coord >-81.423217 28.733963 768</gx:coord>
<gx:coord >-81.428023 28.73378 799</gx:coord>
<gx:coord >-81.428402 28.733764 776</gx:coord>
<gx:coord >-81.428833 28.733764 806</gx:coord>
<gx:coord >-81.432926 28.733624 776</gx:coord>
<gx:coord >-81.444344 28.733276 753</gx:coord>
<gx:coord >-81.450471 28.733185 745</gx:coord>
<gx:coord >-81.455276 28.733112 738</gx:coord>
<gx:coord >-81.462936 28.732956 730</gx:coord>
<gx:coord >-81.466423 28.732833 738</gx:coord>
<gx:coord >-81.468852 28.732544 738</gx:coord>
<gx:coord >-81.471176 28.732086 776</gx:coord>
<gx:coord >-81.473425 28.731483 745</gx:coord>
<gx:coord >-81.475349 28.73085 745</gx:coord>
<gx:coord >-81.475633 28.730738 715</gx:coord>
<gx:coord >-81.477625 28.729807 745</gx:coord>
<gx:coord >-81.479079 28.729015 783</gx:coord>
<gx:coord >-81.481126 28.727712 761</gx:coord>
<gx:coord >-81.483011 28.726269 761</gx:coord>
<gx:coord >-81.484411 28.724965 768</gx:coord>
<gx:coord >-81.485596 28.723572 761</gx:coord>
<gx:coord >-81.486494 28.722336 761</gx:coord>
<gx:coord >-81.487481 28.720543 761</gx:coord>
<gx:coord >-81.488184 28.718903 761</gx:coord>
<gx:coord >-81.488719 28.717144 753</gx:coord>
<gx:coord >-81.489029 28.715881 753</gx:coord>
<gx:coord >-81.489504 28.712494 761</gx:coord>
<gx:coord >-81.489768 28.708969 761</gx:coord>
<gx:coord >-81.490066 28.704668 761</gx:coord>
<gx:coord >-81.489958 28.700758 753</gx:coord>
<gx:coord >-81.489796 28.693217 761</gx:coord>
<gx:coord >-81.490012 28.684977 761</gx:coord>
<gx:coord >-81.490138 28.678848 806</gx:coord>
<gx:coord >-81.490281 28.673897 745</gx:coord>
<gx:coord >-81.490297 28.671341 768</gx:coord>
<gx:coord >-81.490119 28.669009 761</gx:coord>
<gx:coord >-81.489581 28.664401 753</gx:coord>
<gx:coord >-81.488237 28.655182 745</gx:coord>
<gx:coord >-81.487427 28.649271 745</gx:coord>
<gx:coord >-81.487075 28.645889 753</gx:coord>
<gx:coord >-81.486441 28.638474 768</gx:coord>
<gx:coord >-81.486242 28.63498 776</gx:coord>
<gx:coord >-81.486018 28.631104 783</gx:coord>
<gx:coord >-81.485865 28.625902 783</gx:coord>
<gx:coord >-81.485807 28.624969 745</gx:coord>
<gx:coord >-81.485111 28.616685 753</gx:coord>
<gx:coord >-81.484539 28.610596 753</gx:coord>
<gx:coord >-81.484249 28.607095 715</gx:coord>
<gx:coord >-81.483853 28.601303 783</gx:coord>
<gx:coord >-81.483113 28.591049 768</gx:coord>
<gx:coord >-81.482427 28.583908 761</gx:coord>
<gx:coord >-81.481634 28.577133 753</gx:coord>
<gx:coord >-81.481126 28.573717 722</gx:coord>
<gx:coord >-81.480684 28.570175 753</gx:coord>
<gx:coord >-81.480419 28.567154 753</gx:coord>
<gx:coord >-81.480103 28.56166 776</gx:coord>
<gx:coord >-81.480049 28.556912 768</gx:coord>
<gx:coord >-81.480103 28.5504 806</gx:coord>
<gx:coord >-81.480261 28.545959 745</gx:coord>
<gx:coord >-81.480261 28.54541 776</gx:coord>
<gx:coord >-81.480426 28.543505 745</gx:coord>
<gx:coord >-81.480736 28.538635 761</gx:coord>
<gx:coord >-81.480789 28.53447 761</gx:coord>
<gx:coord >-81.480631 28.532181 761</gx:coord>
<gx:coord >-81.48021 28.529167 776</gx:coord>
<gx:coord >-81.479469 28.524902 806</gx:coord>
<gx:coord >-81.479152 28.523071 776</gx:coord>
<gx:coord >-81.478307 28.516891 761</gx:coord>
<gx:coord >-81.477841 28.512315 768</gx:coord>
<gx:coord >-81.477514 28.507233 753</gx:coord>
<gx:coord >-81.47725 28.50087 745</gx:coord>
<gx:coord >-81.477248 28.495276 768</gx:coord>
<gx:coord >-81.477462 28.491165 806</gx:coord>
<gx:coord >-81.477726 28.483337 783</gx:coord>
<gx:coord >-81.477733 28.479775 745</gx:coord>
<gx:coord >-81.477787 28.473537 768</gx:coord>
<gx:coord >-81.477895 28.469487 776</gx:coord>
<gx:coord >-81.477895 28.463388 791</gx:coord>
<gx:coord >-81.477787 28.456498 783</gx:coord>
<gx:coord >-81.477462 28.452438 745</gx:coord>
<gx:coord >-81.476933 28.447861 768</gx:coord>
<gx:coord >-81.475349 28.437332 768</gx:coord>
<gx:coord >-81.474933 28.43406 776</gx:coord>
<gx:coord >-81.474557 28.428772 768</gx:coord>
<gx:coord >-81.474448 28.424983 761</gx:coord>
<gx:coord >-81.474451 28.420166 753</gx:coord>
<gx:coord >-81.474609 28.418289 745</gx:coord>
<gx:coord >-81.474986 28.416231 745</gx:coord>
<gx:coord >-81.47504 28.415951 776</gx:coord>
<gx:coord >-81.47556 28.414352 753</gx:coord>
<gx:coord >-81.476333 28.412553 761</gx:coord>
<gx:coord >-81.477462 28.410461 761</gx:coord>
<gx:coord >-81.47881 28.408457 761</gx:coord>
<gx:coord >-81.482257 28.403615 776</gx:coord>
<gx:coord >-81.485279 28.399567 776</gx:coord>
<gx:coord >-81.486996 28.39747 776</gx:coord>
<gx:coord >-81.488289 28.395905 776</gx:coord>
<gx:coord >-81.492145 28.391693 768</gx:coord>
<gx:coord >-81.50019 28.382946 761</gx:coord>
<gx:coord >-81.504822 28.378105 776</gx:coord>
<gx:coord >-81.509938 28.372937 837</gx:coord>
<gx:coord >-81.511847 28.371002 837</gx:coord>
<gx:coord >-81.512797 28.369995 852</gx:coord>
<gx:coord >-81.515967 28.366837 913</gx:coord>
<gx:coord >-81.519136 28.363632 936</gx:coord>
<gx:coord >-81.52184 28.360927 943</gx:coord>
<gx:coord >-81.525233 28.357528 974</gx:coord>
<gx:coord >-81.529277 28.353653 997</gx:coord>
<gx:coord >-81.530492 28.352509 1012</gx:coord>
<gx:coord >-81.533819 28.349304 1065</gx:coord>
<gx:coord >-81.538626 28.344498 1065</gx:coord>
<gx:coord >-81.542897 28.340258 1073</gx:coord>
<gx:coord >-81.546613 28.33644 1119</gx:coord>
<gx:coord >-81.547367 28.335602 1157</gx:coord>
<gx:coord >-81.550921 28.331971 1157</gx:coord>
<gx:coord >-81.55146 28.331366 1164</gx:coord>
<gx:coord >-81.555714 28.327037 1225</gx:coord>
<gx:coord >-81.559067 28.323715 1256</gx:coord>
<gx:coord >-81.564401 28.318542 1286</gx:coord>
<gx:coord >-81.56767 28.315538 1263</gx:coord>
<gx:coord >-81.573055 28.310837 1317</gx:coord>
<gx:coord >-81.575863 28.308426 1324</gx:coord>
<gx:coord >-81.579877 28.304993 1378</gx:coord>
<gx:coord >-81.583288 28.302131 1378</gx:coord>
<gx:coord >-81.58442 28.301239 1385</gx:coord>
<gx:coord >-81.58949 28.297165 1408</gx:coord>
<gx:coord >-81.591312 28.295614 1416</gx:coord>
<gx:coord >-81.596967 28.290866 1477</gx:coord>
<gx:coord >-81.602431 28.286179 1507</gx:coord>
<gx:coord >-81.606176 28.282859 1538</gx:coord>
<gx:coord >-81.610161 28.279321 1576</gx:coord>
<gx:coord >-81.613393 28.276667 1568</gx:coord>
<gx:coord >-81.614793 28.275596 1576</gx:coord>
<gx:coord >-81.618886 28.272338 1637</gx:coord>
<gx:coord >-81.623625 28.268381 1637</gx:coord>
<gx:coord >-81.624487 28.267683 1667</gx:coord>
<gx:coord >-81.628957 28.263865 1698</gx:coord>
<gx:coord >-81.632908 28.260452 1728</gx:coord>
<gx:coord >-81.640038 28.254272 1721</gx:coord>
<gx:coord >-81.642785 28.251984 1721</gx:coord>
<gx:coord >-81.647752 28.247944 1713</gx:coord>
<gx:coord >-81.653891 28.24315 1721</gx:coord>
<gx:coord >-81.654645 28.242591 1728</gx:coord>
<gx:coord >-81.656201 28.241455 1721</gx:coord>
<gx:coord >-81.662486 28.236832 1721</gx:coord>
<gx:coord >-81.668755 28.232489 1705</gx:coord>
<gx:coord >-81.672522 28.230011 1705</gx:coord>
<gx:coord >-81.683242 28.223318 1721</gx:coord>
<gx:coord >-81.684858 28.222341 1759</gx:coord>
<gx:coord >-81.692593 28.217651 1698</gx:coord>
<gx:coord >-81.696924 28.215042 1713</gx:coord>
<gx:coord >-81.707805 28.208038 1721</gx:coord>
<gx:coord >-81.709523 28.206978 1759</gx:coord>
<gx:coord >-81.716678 28.202728 1789</gx:coord>
<gx:coord >-81.724971 28.197739 1782</gx:coord>
<gx:coord >-81.728087 28.195816 1797</gx:coord>
<gx:coord >-81.731496 28.193804 1812</gx:coord>
<gx:coord >-81.736342 28.191197 1850</gx:coord>
<gx:coord >-81.741662 28.188446 1843</gx:coord>
<gx:coord >-81.744205 28.187194 1858</gx:coord>
<gx:coord >-81.751314 28.183656 1911</gx:coord>
<gx:coord >-81.762578 28.178329 1948</gx:coord>
<gx:coord >-81.774515 28.172836 1941</gx:coord>
<gx:coord >-81.77573 28.172287 1948</gx:coord>
<gx:coord >-81.778726 28.170761 1956</gx:coord>
<gx:coord >-81.781487 28.169083 1963</gx:coord>
<gx:coord >-81.784815 28.166977 1986</gx:coord>
<gx:coord >-81.788097 28.164756 2017</gx:coord>
<gx:coord >-81.79359 28.160799 2040</gx:coord>
<gx:coord >-81.795906 28.159123 2032</gx:coord>
<gx:coord >-81.799622 28.156376 2024</gx:coord>
<gx:coord >-81.808777 28.149859 2024</gx:coord>
<gx:coord >-81.816101 28.144971 2017</gx:coord>
<gx:coord >-81.821682 28.141388 2017</gx:coord>
<gx:coord >-81.82876 28.137085 2032</gx:coord>
<gx:coord >-81.834412 28.133835 2040</gx:coord>
<gx:coord >-81.84012 28.130819 2040</gx:coord>
<gx:coord >-81.841384 28.130219 2070</gx:coord>
<gx:coord >-81.853099 28.124255 2047</gx:coord>
<gx:coord >-81.856492 28.122486 2040</gx:coord>
<gx:coord >-81.868232 28.116388 2040</gx:coord>
<gx:coord >-81.869695 28.11557 2040</gx:coord>
<gx:coord >-81.872056 28.11406 2047</gx:coord>
<gx:coord >-81.87392 28.112595 2047</gx:coord>
<gx:coord >-81.875718 28.110941 2055</gx:coord>
<gx:coord >-81.877172 28.109358 2063</gx:coord>
<gx:coord >-81.87938 28.106565 2063</gx:coord>
<gx:coord >-81.883903 28.100372 2055</gx:coord>
<gx:coord >-81.888535 28.094182 2047</gx:coord>
<gx:coord >-81.89209 28.089798 2055</gx:coord>
<gx:coord >-81.89584 28.085541 2040</gx:coord>
<gx:coord >-81.899845 28.081008 2040</gx:coord>
<gx:coord >-81.901784 28.079286 2002</gx:coord>
<gx:coord >-81.903446 28.078033 2024</gx:coord>
<gx:coord >-81.905823 28.076569 2024</gx:coord>
<gx:coord >-81.908462 28.075143 2032</gx:coord>
<gx:coord >-81.91121 28.073959 2032</gx:coord>
<gx:coord >-81.916175 28.072174 2032</gx:coord>
<gx:coord >-81.918816 28.07135 2032</gx:coord>
<gx:coord >-81.92357 28.07016 2032</gx:coord>
<gx:coord >-81.93276 28.068146 2032</gx:coord>
<gx:coord >-81.940182 28.06667 2009</gx:coord>
<gx:coord >-81.941264 28.066452 2002</gx:coord>
<gx:coord >-81.949029 28.064896 1971</gx:coord>
<gx:coord >-81.9593 28.062667 1910</gx:coord>
<gx:coord >-81.963232 28.061875 1880</gx:coord>
<gx:coord >-81.968307 28.060959 1872</gx:coord>
<gx:coord >-81.973167 28.059906 1819</gx:coord>
<gx:coord >-81.979603 28.058477 1811</gx:coord>
<gx:coord >-81.985204 28.057173 1781</gx:coord>
<gx:coord >-81.99197 28.055511 1720</gx:coord>
<gx:coord >-81.998506 28.054101 1720</gx:coord>
<gx:coord >-81.999584 28.053915 1712</gx:coord>
<gx:coord >-82.005077 28.052797 1666</gx:coord>
<gx:coord >-82.011196 28.051483 1636</gx:coord>
<gx:coord >-82.017463 28.050097 1598</gx:coord>
<gx:coord >-82.024195 28.048608 1567</gx:coord>
<gx:coord >-82.030739 28.04718 1567</gx:coord>
<gx:coord >-82.03642 28.045954 1499</gx:coord>
<gx:coord >-82.043469 28.044434 1468</gx:coord>
<gx:coord >-82.050124 28.042923 1438</gx:coord>
<gx:coord >-82.056669 28.041253 1407</gx:coord>
<gx:coord >-82.061057 28.040314 1415</gx:coord>
<gx:coord >-82.064155 28.039716 1400</gx:coord>
<gx:coord >-82.071463 28.038208 1339</gx:coord>
<gx:coord >-82.078963 28.036652 1308</gx:coord>
<gx:coord >-82.085859 28.035247 1278</gx:coord>
<gx:coord >-82.092432 28.033997 1278</gx:coord>
<gx:coord >-82.10083 28.032532 1217</gx:coord>
<gx:coord >-82.106539 28.031709 1186</gx:coord>
<gx:coord >-82.111077 28.030838 1186</gx:coord>
<gx:coord >-82.113055 28.030499 1179</gx:coord>
<gx:coord >-82.121165 28.029053 1148</gx:coord>
<gx:coord >-82.130127 28.027566 1125</gx:coord>
<gx:coord >-82.131204 28.027427 1118</gx:coord>
<gx:coord >-82.140036 28.02617 1086</gx:coord>
<gx:coord >-82.147199 28.025192 1079</gx:coord>
<gx:coord >-82.14763 28.025145 1079</gx:coord>
<gx:coord >-82.151219 28.024612 1071</gx:coord>
<gx:coord >-82.151669 28.02454 1071</gx:coord>
<gx:coord >-82.157029 28.023697 1056</gx:coord>
<gx:coord >-82.161363 28.022957 1056</gx:coord>
<gx:coord >-82.16174 28.022864 1056</gx:coord>
<gx:coord >-82.162523 28.022736 1056</gx:coord>
<gx:coord >-82.162871 28.022678 1025</gx:coord>
<gx:coord >-82.167717 28.021887 1086</gx:coord>
<gx:coord >-82.181009 28.019714 1063</gx:coord>
<gx:coord >-82.185816 28.018982 1071</gx:coord>
<gx:coord >-82.200077 28.017197 1071</gx:coord>
<gx:coord >-82.21177 28.015695 1071</gx:coord>
<gx:coord >-82.224585 28.013809 1079</gx:coord>
<gx:coord >-82.235628 28.012157 1079</gx:coord>
<gx:coord >-82.249938 28.010193 1063</gx:coord>
<gx:coord >-82.263363 28.008061 1071</gx:coord>
<gx:coord >-82.277419 28.005687 1079</gx:coord>
<gx:coord >-82.291506 28.003326 1086</gx:coord>
<gx:coord >-82.296753 28.002335 1086</gx:coord>
<gx:coord >-82.305186 28.000443 1117</gx:coord>
<gx:coord >-82.309676 27.99939 1086</gx:coord>
<gx:coord >-82.314956 27.998238 1079</gx:coord>
<gx:coord >-82.323088 27.996516 1079</gx:coord>
<gx:coord >-82.330843 27.9947 1086</gx:coord>
<gx:coord >-82.341398 27.992 1079</gx:coord>
<gx:coord >-82.345976 27.990743 1124</gx:coord>
<gx:coord >-82.353785 27.988183 1109</gx:coord>
<gx:coord >-82.361438 27.985565 1101</gx:coord>
<gx:coord >-82.366872 27.983621 1086</gx:coord>
<gx:coord >-82.375596 27.980502 1117</gx:coord>
<gx:coord >-82.380174 27.978966 1063</gx:coord>
<gx:coord >-82.390945 27.975521 1079</gx:coord>
<gx:coord >-82.393368 27.974776 1094</gx:coord>
<gx:coord >-82.396827 27.973846 1101</gx:coord>
<gx:coord >-82.400908 27.97296 1101</gx:coord>
<gx:coord >-82.406176 27.972015 1056</gx:coord>
<gx:coord >-82.411933 27.971146 1079</gx:coord>
<gx:coord >-82.419751 27.970184 1071</gx:coord>
<gx:coord >-82.425666 27.969681 1086</gx:coord>
<gx:coord >-82.433378 27.969131 1063</gx:coord>
<gx:coord >-82.435332 27.96904 1056</gx:coord>
<gx:coord >-82.440403 27.968811 995</gx:coord>
<gx:coord >-82.449215 27.968398 987</gx:coord>
<gx:coord >-82.449646 27.968398 957</gx:coord>
<gx:coord >-82.457463 27.968307 926</gx:coord>
<gx:coord >-82.464241 27.968352 896</gx:coord>
<gx:coord >-82.470826 27.968491 865</gx:coord>
<gx:coord >-82.47765 27.968678 835</gx:coord>
<gx:coord >-82.484559 27.968857 835</gx:coord>
<gx:coord >-82.490629 27.96905 819</gx:coord>
<gx:coord >-82.495584 27.969376 804</gx:coord>
<gx:coord >-82.502148 27.969818 743</gx:coord>
<gx:coord >-82.505332 27.969934 804</gx:coord>
<gx:coord >-82.517557 27.97054 774</gx:coord>
<gx:coord >-82.524127 27.970586 766</gx:coord>
<gx:coord >-82.526389 27.97054 736</gx:coord>
<gx:coord >-82.532941 27.970413 705</gx:coord>
<gx:coord >-82.538329 27.970276 705</gx:coord>
<gx:coord >-82.545292 27.970074 675</gx:coord>
<gx:coord >-82.546305 27.970001 644</gx:coord>
<gx:coord >-82.554227 27.969681 652</gx:coord>
<gx:coord >-82.56178 27.969498 614</gx:coord>
<gx:coord >-82.567274 27.969543 637</gx:coord>
<gx:coord >-82.569957 27.969469 637</gx:coord>
<gx:coord >-82.572057 27.969283 637</gx:coord>
<gx:coord >-82.574299 27.968857 637</gx:coord>
<gx:coord >-82.576797 27.968212 637</gx:coord>
<gx:coord >-82.579489 27.967328 637</gx:coord>
<gx:coord >-82.581643 27.96635 637</gx:coord>
<gx:coord >-82.583912 27.965149 637</gx:coord>
<gx:coord >-82.585813 27.963959 637</gx:coord>
<gx:coord >-82.587944 27.962393 637</gx:coord>
<gx:coord >-82.589614 27.960857 637</gx:coord>
<gx:coord >-82.591887 27.958603 644</gx:coord>
<gx:coord >-82.593789 27.95636 644</gx:coord>
<gx:coord >-82.59543 27.954153 629</gx:coord>
<gx:coord >-82.596453 27.952524 614</gx:coord>
<gx:coord >-82.596905 27.951599 606</gx:coord>
<gx:coord >-82.597692 27.949638 598</gx:coord>
<gx:coord >-82.598446 27.94717 582</gx:coord>
<gx:coord >-82.598554 27.946845 552</gx:coord>
<gx:coord >-82.599493 27.94281 567</gx:coord>
<gx:coord >-82.60019 27.938644 552</gx:coord>
<gx:coord >-82.600602 27.936138 544</gx:coord>
<gx:coord >-82.601131 27.932274 529</gx:coord>
<gx:coord >-82.601537 27.92807 483</gx:coord>
<gx:coord >-82.601848 27.923996 544</gx:coord>
<gx:coord >-82.602885 27.912003 521</gx:coord>
<gx:coord >-82.603402 27.904761 529</gx:coord>
<gx:coord >-82.60361 27.899506 529</gx:coord>
<gx:coord >-82.603507 27.895684 521</gx:coord>
<gx:coord >-82.602988 27.885132 514</gx:coord>
<gx:coord >-82.602781 27.880371 483</gx:coord>
<gx:coord >-82.602715 27.879437 514</gx:coord>
<gx:coord >-82.602504 27.872687 521</gx:coord>
<gx:coord >-82.602451 27.872361 521</gx:coord>
<gx:coord >-82.60247 27.872086 552</gx:coord>
<gx:coord >-82.602451 27.871756 514</gx:coord>
<gx:coord >-82.602451 27.87143 544</gx:coord>
<gx:coord >-82.602418 27.87117 514</gx:coord>
<gx:coord >-82.602187 27.866728 521</gx:coord>
<gx:coord >-82.602159 27.865906 521</gx:coord>
<gx:coord >-82.6019 27.860413 506</gx:coord>
<gx:coord >-82.601693 27.857758 491</gx:coord>
<gx:coord >-82.601174 27.850662 453</gx:coord>
<gx:coord >-82.601174 27.848602 445</gx:coord>
<gx:coord >-82.601447 27.845081 422</gx:coord>
<gx:coord >-82.602004 27.840454 392</gx:coord>
<gx:coord >-82.602028 27.840147 361</gx:coord>
<gx:coord >-82.602398 27.838471 377</gx:coord>
<gx:coord >-82.603085 27.836562 369</gx:coord>
<gx:coord >-82.60356 27.835445 354</gx:coord>
<gx:coord >-82.604595 27.83345 338</gx:coord>
<gx:coord >-82.60589 27.831253 331</gx:coord>
<gx:coord >-82.606096 27.830976 293</gx:coord>
<gx:coord >-82.607839 27.828602 308</gx:coord>
<gx:coord >-82.609846 27.826088 293</gx:coord>
<gx:coord >-82.612368 27.822968 262</gx:coord>
<gx:coord >-82.614855 27.819992 239</gx:coord>
<gx:coord >-82.617395 27.816879 239</gx:coord>
<gx:coord >-82.618846 27.81514 232</gx:coord>
<gx:coord >-82.621255 27.812216 217</gx:coord>
<gx:coord >-82.623367 27.809748 217</gx:coord>
<gx:coord >-82.624028 27.808823 209</gx:coord>
<gx:coord >-82.624443 27.807999 209</gx:coord>
<gx:coord >-82.624805 27.806992 201</gx:coord>
<gx:coord >-82.625005 27.805838 194</gx:coord>
<gx:coord >-82.625163 27.804209 186</gx:coord>
<gx:coord >-82.625163 27.802998 171</gx:coord>
<gx:coord >-82.62511 27.79811 156</gx:coord>
<gx:coord >-82.62511 27.796202 148</gx:coord>
<gx:coord >-82.62511 27.790895 133</gx:coord>
<gx:coord >-82.625013 27.787582 125</gx:coord>
<gx:coord >-82.625058 27.786705 117</gx:coord>
<gx:coord >-82.625064 27.784515 102</gx:coord>
<gx:coord >-82.624899 27.781258 87</gx:coord>
<gx:coord >-82.624909 27.776642 64</gx:coord>
<gx:coord >-82.624909 27.775635 56</gx:coord>
<gx:coord >-82.624846 27.772087 34</gx:coord>
<gx:coord >-82.624846 27.755515 72</gx:coord>
<gx:coord >-82.624952 27.75463 87</gx:coord>
<gx:coord >-82.625375 27.750595 133</gx:coord>
<gx:coord >-82.625797 27.747461 148</gx:coord>
<gx:coord >-82.626205 27.743591 186</gx:coord>
<gx:coord >-82.62636 27.742081 209</gx:coord>
<gx:coord >-82.626723 27.73764 262</gx:coord>
<gx:coord >-82.626826 27.736038 239</gx:coord>
<gx:coord >-82.627034 27.733337 247</gx:coord>
<gx:coord >-82.627448 27.729263 255</gx:coord>
<gx:coord >-82.627593 27.727863 247</gx:coord>
<gx:coord >-82.62791 27.72358 247</gx:coord>
<gx:coord >-82.628018 27.718964 247</gx:coord>
<gx:coord >-82.628018 27.71553 247</gx:coord>
<gx:coord >-82.628121 27.710918 232</gx:coord>
<gx:coord >-82.628381 27.708344 247</gx:coord>
<gx:coord >-82.629177 27.700863 232</gx:coord>
<gx:coord >-82.629936 27.695572 224</gx:coord>
<gx:coord >-82.630609 27.691727 224</gx:coord>
<gx:coord >-82.631594 27.688431 232</gx:coord>
<gx:coord >-82.63232 27.686737 239</gx:coord>
<gx:coord >-82.633512 27.684448 239</gx:coord>
<gx:coord >-82.634703 27.682388 239</gx:coord>
<gx:coord >-82.637311 27.678331 239</gx:coord>
<gx:coord >-82.640611 27.673553 239</gx:coord>
<gx:coord >-82.64201 27.671722 239</gx:coord>
<gx:coord >-82.64569 27.667374 293</gx:coord>
<gx:coord >-82.647664 27.665297 300</gx:coord>
<gx:coord >-82.64797 27.664948 300</gx:coord>
<gx:coord >-82.651678 27.661386 361</gx:coord>
<gx:coord >-82.654266 27.659059 346</gx:coord>
<gx:coord >-82.656158 27.65744 392</gx:coord>
<gx:coord >-82.659526 27.65451 369</gx:coord>
<gx:coord >-82.663562 27.651098 422</gx:coord>
<gx:coord >-82.665797 27.649429 407</gx:coord>
<gx:coord >-82.669839 27.646591 453</gx:coord>
<gx:coord >-82.673176 27.644441 445</gx:coord>
<gx:coord >-82.676006 27.642746 460</gx:coord>
<gx:coord >-82.680203 27.640457 476</gx:coord>
<gx:coord >-82.683105 27.639041 491</gx:coord>
<gx:coord >-82.68865 27.636429 552</gx:coord>
<gx:coord >-82.692824 27.634619 544</gx:coord>
<gx:coord >-82.69425 27.634014 559</gx:coord>
<gx:coord >-82.698898 27.632338 575</gx:coord>
<gx:coord >-82.702279 27.63122 582</gx:coord>
<gx:coord >-82.709587 27.628922 620</gx:coord>
<gx:coord >-82.713899 27.627357 643</gx:coord>
<gx:coord >-82.716064 27.62645 651</gx:coord>
<gx:coord >-82.719603 27.624843 658</gx:coord>
<gx:coord >-82.723216 27.622971 674</gx:coord>
<gx:coord >-82.724938 27.62205 681</gx:coord>
<gx:coord >-82.730642 27.618744 742</gx:coord>
<gx:coord >-82.733442 27.616975 727</gx:coord>
<gx:coord >-82.736068 27.61528 750</gx:coord>
<gx:coord >-82.738711 27.613403 758</gx:coord>
<gx:coord >-82.740625 27.611901 765</gx:coord>
<gx:coord >-82.742527 27.610086 780</gx:coord>
<gx:coord >-82.744619 27.607819 788</gx:coord>
<gx:coord >-82.747333 27.604593 834</gx:coord>
<gx:coord >-82.749386 27.601913 811</gx:coord>
<gx:coord >-82.751823 27.598401 818</gx:coord>
<gx:coord >-82.753843 27.59523 872</gx:coord>
<gx:coord >-82.755626 27.592023 857</gx:coord>
<gx:coord >-82.757105 27.589044 872</gx:coord>
<gx:coord >-82.75747 27.588318 872</gx:coord>
<gx:coord >-82.758795 27.585087 887</gx:coord>
<gx:coord >-82.759746 27.582061 902</gx:coord>
<gx:coord >-82.760855 27.578011 925</gx:coord>
<gx:coord >-82.76115 27.576736 933</gx:coord>
<gx:coord >-82.761647 27.573961 948</gx:coord>
<gx:coord >-82.76207 27.570796 1001</gx:coord>
<gx:coord >-82.762281 27.567863 986</gx:coord>
<gx:coord >-82.762238 27.56575 994</gx:coord>
<gx:coord >-82.762134 27.564194 1001</gx:coord>
<gx:coord >-82.76172 27.561035 1017</gx:coord>
<gx:coord >-82.761254 27.55838 1032</gx:coord>
<gx:coord >-82.760269 27.552658 1093</gx:coord>
<gx:coord >-82.759751 27.54895 1078</gx:coord>
<gx:coord >-82.759165 27.544773 1078</gx:coord>
<gx:coord >-82.758372 27.540956 1070</gx:coord>
<gx:coord >-82.757419 27.537323 1078</gx:coord>
<gx:coord >-82.755449 27.530411 1085</gx:coord>
<gx:coord >-82.753883 27.525593 1085</gx:coord>
<gx:coord >-82.750371 27.516312 1085</gx:coord>
<gx:coord >-82.748091 27.510452 1085</gx:coord>
<gx:coord >-82.743945 27.500473 1085</gx:coord>
<gx:coord >-82.741976 27.495621 1085</gx:coord>
<gx:coord >-82.740317 27.490723 1085</gx:coord>
<gx:coord >-82.738829 27.486583 1085</gx:coord>
<gx:coord >-82.737208 27.48262 1085</gx:coord>
<gx:coord >-82.733943 27.474976 1078</gx:coord>
<gx:coord >-82.730801 27.468055 1078</gx:coord>
<gx:coord >-82.72816 27.462841 1085</gx:coord>
<gx:coord >-82.727104 27.460932 1093</gx:coord>
<gx:coord >-82.724719 27.456665 1093</gx:coord>
<gx:coord >-82.722542 27.452911 1093</gx:coord>
<gx:coord >-82.71955 27.44841 1093</gx:coord>
<gx:coord >-82.716276 27.443615 1100</gx:coord>
<gx:coord >-82.71242 27.438354 1100</gx:coord>
<gx:coord >-82.705026 27.428741 1093</gx:coord>
<gx:coord >-82.702746 27.42572 1085</gx:coord>
<gx:coord >-82.69705 27.418477 1116</gx:coord>
<gx:coord >-82.689531 27.4086 1085</gx:coord>
<gx:coord >-82.685377 27.403673 1093</gx:coord>
<gx:coord >-82.681362 27.399111 1093</gx:coord>
<gx:coord >-82.679567 27.397156 1085</gx:coord>
<gx:coord >-82.671238 27.388046 1085</gx:coord>
<gx:coord >-82.666732 27.38319 1078</gx:coord>
<gx:coord >-82.659443 27.375509 1085</gx:coord>
<gx:coord >-82.658967 27.374997 1085</gx:coord>
<gx:coord >-82.650872 27.365936 1093</gx:coord>
<gx:coord >-82.648644 27.363464 1085</gx:coord>
<gx:coord >-82.645949 27.360489 1116</gx:coord>
<gx:coord >-82.64512 27.359573 1055</gx:coord>
<gx:coord >-82.644912 27.359344 1116</gx:coord>
<gx:coord >-82.644653 27.359076 1055</gx:coord>
<gx:coord >-82.64085 27.35456 1085</gx:coord>
<gx:coord >-82.637761 27.350784 1116</gx:coord>
<gx:coord >-82.630339 27.341665 1116</gx:coord>
<gx:coord >-82.622892 27.332821 1070</gx:coord>
<gx:coord >-82.618983 27.327793 1078</gx:coord>
<gx:coord >-82.616151 27.323822 1078</gx:coord>
<gx:coord >-82.612213 27.317963 1078</gx:coord>
<gx:coord >-82.60731 27.310755 1078</gx:coord>
<gx:coord >-82.603351 27.30542 1055</gx:coord>
<gx:coord >-82.602781 27.304642 1055</gx:coord>
<gx:coord >-82.600708 27.30217 1039</gx:coord>
<gx:coord >-82.598595 27.299908 1024</gx:coord>
<gx:coord >-82.594438 27.295807 1001</gx:coord>
<gx:coord >-82.593049 27.294462 986</gx:coord>
<gx:coord >-82.588084 27.289806 963</gx:coord>
<gx:coord >-82.583806 27.286036 940</gx:coord>
<gx:coord >-82.581482 27.284042 925</gx:coord>
<gx:coord >-82.577098 27.280123 864</gx:coord>
<gx:coord >-82.572291 27.275841 834</gx:coord>
<gx:coord >-82.569281 27.273047 849</gx:coord>
<gx:coord >-82.565795 27.26937 834</gx:coord>
<gx:coord >-82.565572 27.269119 803</gx:coord>
<gx:coord >-82.56039 27.263351 811</gx:coord>
<gx:coord >-82.559034 27.261735 803</gx:coord>
<gx:coord >-82.55298 27.254379 773</gx:coord>
<gx:coord >-82.551956 27.253077 765</gx:coord>
<gx:coord >-82.546865 27.246506 758</gx:coord>
<gx:coord >-82.540128 27.236938 758</gx:coord>
<gx:coord >-82.536375 27.231523 765</gx:coord>
<gx:coord >-82.529608 27.2211 765</gx:coord>
<gx:coord >-82.527976 27.218628 773</gx:coord>
<gx:coord >-82.522923 27.210938 735</gx:coord>
<gx:coord >-82.516356 27.201124 765</gx:coord>
<gx:coord >-82.514402 27.198471 773</gx:coord>
<gx:coord >-82.512078 27.195631 773</gx:coord>
<gx:coord >-82.508909 27.192093 773</gx:coord>
<gx:coord >-82.506268 27.189393 773</gx:coord>
<gx:coord >-82.501468 27.184845 780</gx:coord>
<gx:coord >-82.498877 27.182693 780</gx:coord>
<gx:coord >-82.495301 27.179993 780</gx:coord>
<gx:coord >-82.492429 27.177988 780</gx:coord>
<gx:coord >-82.488513 27.175552 773</gx:coord>
<gx:coord >-82.485616 27.173938 773</gx:coord>
<gx:coord >-82.482035 27.172165 773</gx:coord>
<gx:coord >-82.476848 27.169841 735</gx:coord>
<gx:coord >-82.471671 27.167607 773</gx:coord>
<gx:coord >-82.467076 27.165698 773</gx:coord>
<gx:coord >-82.455139 27.160721 773</gx:coord>
<gx:coord >-82.454822 27.160577 803</gx:coord>
<gx:coord >-82.449804 27.158576 773</gx:coord>
<gx:coord >-82.44208 27.155548 735</gx:coord>
<gx:coord >-82.437762 27.15392 674</gx:coord>
<gx:coord >-82.429383 27.150742 674</gx:coord>
<gx:coord >-82.423237 27.148241 613</gx:coord>
<gx:coord >-82.420067 27.146751 628</gx:coord>
<gx:coord >-82.416842 27.145065 613</gx:coord>
<gx:coord >-82.415961 27.144516 613</gx:coord>
<gx:coord >-82.413095 27.142748 598</gx:coord>
<gx:coord >-82.411247 27.141398 590</gx:coord>
<gx:coord >-82.409795 27.140076 582</gx:coord>
<gx:coord >-82.409121 27.139343 575</gx:coord>
<gx:coord >-82.408344 27.13829 567</gx:coord>
<gx:coord >-82.407708 27.137115 567</gx:coord>
<gx:coord >-82.407074 27.135765 559</gx:coord>
<gx:coord >-82.406651 27.134275 552</gx:coord>
<gx:coord >-82.406335 27.132646 552</gx:coord>
<gx:coord >-82.40607 27.130365 544</gx:coord>
<gx:coord >-82.405597 27.123276 514</gx:coord>
<gx:coord >-82.405067 27.116865 453</gx:coord>
<gx:coord >-82.404169 27.108765 453</gx:coord>
<gx:coord >-82.404169 27.106856 453</gx:coord>
<gx:coord >-82.404301 27.105469 460</gx:coord>
<gx:coord >-82.404644 27.10383 460</gx:coord>
<gx:coord >-82.40512 27.102247 453</gx:coord>
<gx:coord >-82.405595 27.10113 453</gx:coord>
<gx:coord >-82.406478 27.099609 453</gx:coord>
<gx:coord >-82.406599 27.099408 422</gx:coord>
<gx:coord >-82.407514 27.098053 453</gx:coord>
<gx:coord >-82.40767 27.09787 453</gx:coord>
<gx:coord >-82.409225 27.095947 453</gx:coord>
<gx:coord >-82.412409 27.092378 453</gx:coord>
<gx:coord >-82.415029 27.089722 453</gx:coord>
<gx:coord >-82.418113 27.086792 453</gx:coord>
<gx:coord >-82.420384 27.084883 453</gx:coord>
<gx:coord >-82.427198 27.079297 453</gx:coord>
<gx:coord >-82.429469 27.077295 453</gx:coord>
<gx:coord >-82.431529 27.075247 453</gx:coord>
<gx:coord >-82.43417 27.072407 453</gx:coord>
<gx:coord >-82.437392 27.068869 460</gx:coord>
<gx:coord >-82.437831 27.06839 460</gx:coord>
<gx:coord >-82.440561 27.065704 476</gx:coord>
<gx:coord >-82.444619 27.061935 483</gx:coord>
<gx:coord >-82.44954 27.057557 468</gx:coord>
<gx:coord >-82.451201 27.056122 460</gx:coord>
<gx:coord >-82.454875 27.053181 430</gx:coord>
<gx:coord >-82.456124 27.052322 430</gx:coord>
<gx:coord >-82.457093 27.051785 430</gx:coord>
<gx:coord >-82.45815 27.051319 422</gx:coord>
<gx:coord >-82.458467 27.051226 422</gx:coord>
<gx:coord >-82.45947 27.050993 422</gx:coord>
<gx:coord >-82.460373 27.050858 415</gx:coord>
<gx:coord >-82.461425 27.050854 415</gx:coord>
<gx:coord >-82.462342 27.050995 407</gx:coord>
<gx:coord >-82.463168 27.05118 407</gx:coord>
<gx:coord >-82.463949 27.051544 399</gx:coord>
<gx:coord >-82.464805 27.052017 399</gx:coord>
<gx:coord >-82.465607 27.052689 392</gx:coord>
<gx:coord >-82.466284 27.053507 392</gx:coord>
<gx:coord >-82.466903 27.054428 384</gx:coord>
<gx:coord >-82.467317 27.055389 384</gx:coord>
<gx:coord >-82.467552 27.05644 377</gx:coord>
<gx:coord >-82.467657 27.057557 377</gx:coord>
<gx:coord >-82.467552 27.058721 369</gx:coord>
<gx:coord >-82.467266 27.059875 369</gx:coord>
<gx:coord >-82.466955 27.060562 369</gx:coord>
<gx:coord >-82.466385 27.061523 369</gx:coord>
<gx:coord >-82.465607 27.062439 361</gx:coord>
<gx:coord >-82.464805 27.063283 354</gx:coord>
<gx:coord >-82.463907 27.063935 354</gx:coord>
<gx:coord >-82.463168 27.0644 354</gx:coord>
<gx:coord >-82.461824 27.064957 354</gx:coord>
<gx:coord >-82.460791 27.065238 354</gx:coord>
<gx:coord >-82.459523 27.065331 346</gx:coord>
<gx:coord >-82.458663 27.065323 346</gx:coord>
<gx:coord >-82.457834 27.06514 346</gx:coord>
<gx:coord >-82.457252 27.065006 338</gx:coord>
<gx:coord >-82.456407 27.06468 331</gx:coord>
<gx:coord >-82.455346 27.064133 331</gx:coord>
<gx:coord >-82.454673 27.063583 331</gx:coord>
<gx:coord >-82.45366 27.062631 331</gx:coord>
<gx:coord >-82.452604 27.061421 323</gx:coord>
<gx:coord >-82.450174 27.058442 308</gx:coord>
<gx:coord >-82.447956 27.056068 308</gx:coord>
<gx:coord >-82.446433 27.054657 308</gx:coord>
<gx:coord >-82.445315 27.053693 300</gx:coord>
<gx:coord >-82.440888 27.050262 331</gx:coord>
<gx:coord >-82.43866 27.048431 308</gx:coord>
<gx:coord >-82.436742 27.046555 300</gx:coord>
<gx:coord >-82.434751 27.044429 300</gx:coord>
<gx:coord >-82.433218 27.04248 270</gx:coord>
<gx:coord >-82.432493 27.041473 300</gx:coord>
<gx:coord >-82.431353 27.039917 300</gx:coord>
<gx:coord >-82.428036 27.034927 293</gx:coord>
<gx:coord >-82.425455 27.031162 293</gx:coord>
<gx:coord >-82.42461 27.030184 293</gx:coord>
<gx:coord >-82.423579 27.029205 285</gx:coord>
<gx:coord >-82.422595 27.028519 285</gx:coord>
<gx:coord >-82.421714 27.028015 285</gx:coord>
<gx:coord >-82.420781 27.027603 285</gx:coord>
<gx:coord >-82.419537 27.027237 285</gx:coord>
<gx:coord >-82.418242 27.027008 293</gx:coord>
<gx:coord >-82.417057 27.026972 293</gx:coord>
<gx:coord >-82.415736 27.027019 293</gx:coord>
<gx:coord >-82.414733 27.027205 293</gx:coord>
<gx:coord >-82.413729 27.027484 293</gx:coord>
<gx:coord >-82.412593 27.027924 300</gx:coord>
<gx:coord >-82.411505 27.028473 300</gx:coord>
<gx:coord >-82.408862 27.030029 300</gx:coord>
<gx:coord >-82.406863 27.031348 293</gx:coord>
<gx:coord >-82.405286 27.032547 277</gx:coord>
<gx:coord >-82.404433 27.033303 247</gx:coord>
<gx:coord >-82.403783 27.034149 270</gx:coord>
<gx:coord >-82.403271 27.034886 270</gx:coord>
<gx:coord >-82.403165 27.035305 262</gx:coord>
<gx:coord >-82.403006 27.035934 262</gx:coord>
<gx:coord >-82.403007 27.036516 262</gx:coord>
<gx:coord >-82.403161 27.037079 255</gx:coord>
<gx:coord >-82.403377 27.037447 255</gx:coord>
<gx:coord >-82.40368 27.037903 217</gx:coord>
<gx:coord >-82.404094 27.038315 239</gx:coord>
<gx:coord >-82.404612 27.038727 232</gx:coord>
<gx:coord >-82.406018 27.039681 224</gx:coord>
<gx:coord >-82.407566 27.040787 209</gx:coord>
<gx:coord >-82.408862 27.04184 201</gx:coord>
<gx:coord >-82.409691 27.042709 194</gx:coord>
<gx:coord >-82.410935 27.043991 194</gx:coord>
<gx:coord >-82.412541 27.045319 186</gx:coord>
<gx:coord >-82.413835 27.046385 178</gx:coord>
<gx:coord >-82.417723 27.049713 156</gx:coord>
<gx:coord >-82.41876 27.050674 148</gx:coord>
<gx:coord >-82.422233 27.053926 117</gx:coord>
<gx:coord >-82.424557 27.055928 95</gx:coord>
<gx:coord >-82.425549 27.056854 56</gx:coord>
<gx:coord >-82.42968 27.06063 64</gx:coord>
<gx:coord >-82.430886 27.061752 56</gx:coord>
<gx:coord >-82.432057 27.062771 49</gx:coord>
<gx:coord >-82.433589 27.064121 34</gx:coord>
<gx:coord >-82.43454 27.065052 26</gx:coord>
<gx:coord >-82.436124 27.066449 11</gx:coord>
<gx:coord >-82.437623 27.067795 11</gx:coord>
<gx:coord >-82.438184 27.068311 3</gx:coord>
<gx:coord >-82.43866 27.068756 3</gx:coord>
<gx:coord >-82.439346 27.069381 11</gx:coord>
<gx:coord >-82.43998 27.06994 3</gx:coord>
<gx:coord >-82.440214 27.070175 3</gx:coord>
<gx:coord >-82.440577 27.070496 3</gx:coord>
<gx:coord >-82.441251 27.071091 11</gx:coord>
<gx:coord >-82.442674 27.072407 26</gx:coord>
<gx:coord >-82.444827 27.074478 79</gx:coord>
<gx:coord >-82.44664 27.076309 117</gx:coord>
<gx:coord >-82.448972 27.078644 117</gx:coord>
<gx:coord >-82.450112 27.07988 133</gx:coord>
<gx:coord >-82.450755 27.080694 148</gx:coord>
<gx:coord >-82.451252 27.081665 156</gx:coord>
<gx:coord >-82.451615 27.082535 163</gx:coord>
<gx:coord >-82.451874 27.083633 178</gx:coord>
<gx:coord >-82.451978 27.084732 194</gx:coord>
<gx:coord >-82.451917 27.086001 209</gx:coord>
<gx:coord >-82.451706 27.087118 224</gx:coord>
<gx:coord >-82.451336 27.088282 239</gx:coord>
<gx:coord >-82.451201 27.088669 270</gx:coord>
<gx:coord >-82.450755 27.089492 247</gx:coord>
<gx:coord >-82.450216 27.090271 262</gx:coord>
<gx:coord >-82.449283 27.091461 300</gx:coord>
<gx:coord >-82.447956 27.092844 285</gx:coord>
<gx:coord >-82.445656 27.095078 308</gx:coord>
<gx:coord >-82.442805 27.097687 369</gx:coord>
<gx:coord >-82.44035 27.09978 361</gx:coord>
<gx:coord >-82.439489 27.100433 369</gx:coord>
<gx:coord >-82.436177 27.102992 399</gx:coord>
<gx:coord >-82.433167 27.105148 399</gx:coord>
<gx:coord >-82.429786 27.107368 453</gx:coord>
<gx:coord >-82.428888 27.107927 460</gx:coord>
<gx:coord >-82.42593 27.109789 521</gx:coord>
<gx:coord >-82.421546 27.112349 552</gx:coord>
<gx:coord >-82.418086 27.114304 590</gx:coord>
<gx:coord >-82.414459 27.116226 590</gx:coord>
<gx:coord >-82.41093 27.117935 620</gx:coord>
<gx:coord >-82.410666 27.118029 620</gx:coord>
<gx:coord >-82.406968 27.119611 681</gx:coord>
<gx:coord >-82.40311 27.121216 689</gx:coord>
<gx:coord >-82.399637 27.122635 742</gx:coord>
<gx:coord >-82.396193 27.123801 773</gx:coord>
<gx:coord >-82.391035 27.125519 780</gx:coord>
<gx:coord >-82.386844 27.12678 841</gx:coord>
<gx:coord >-82.382536 27.127945 872</gx:coord>
<gx:coord >-82.377284 27.129434 902</gx:coord>
<gx:coord >-82.373001 27.1306 902</gx:coord>
<gx:coord >-82.37269 27.130646 910</gx:coord>
<gx:coord >-82.368492 27.131653 963</gx:coord>
<gx:coord >-82.364396 27.132692 1001</gx:coord>
<gx:coord >-82.36274 27.133209 979</gx:coord>
<gx:coord >-82.36103 27.133896 994</gx:coord>
<gx:coord >-82.35989 27.134537 1001</gx:coord>
<gx:coord >-82.358745 27.135253 1009</gx:coord>
<gx:coord >-82.357299 27.136368 1024</gx:coord>
<gx:coord >-82.356003 27.137558 1032</gx:coord>
<gx:coord >-82.352894 27.140305 1062</gx:coord>
<gx:coord >-82.351339 27.141861 1085</gx:coord>
<gx:coord >-82.349836 27.143509 1100</gx:coord>
<gx:coord >-82.348128 27.145494 1123</gx:coord>
<gx:coord >-82.347283 27.146565 1131</gx:coord>
<gx:coord >-82.345069 27.149551 1161</gx:coord>
<gx:coord >-82.343255 27.151749 1177</gx:coord>
<gx:coord >-82.342212 27.152896 1192</gx:coord>
<gx:coord >-82.340405 27.15509 1215</gx:coord>
<gx:coord >-82.339524 27.156281 1222</gx:coord>
<gx:coord >-82.336466 27.1604 1283</gx:coord>
<gx:coord >-82.333709 27.164069 1283</gx:coord>
<gx:coord >-82.331385 27.16742 1314</gx:coord>
<gx:coord >-82.328796 27.171387 1344</gx:coord>
<gx:coord >-82.326208 27.175241 1405</gx:coord>
<gx:coord >-82.324236 27.177933 1405</gx:coord>
<gx:coord >-82.324029 27.178162 1436</gx:coord>
<gx:coord >-82.321697 27.181046 1466</gx:coord>
<gx:coord >-82.318866 27.184459 1504</gx:coord>
<gx:coord >-82.316566 27.1875 1489</gx:coord>
<gx:coord >-82.314442 27.190567 1504</gx:coord>
<gx:coord >-82.311049 27.195398 1535</gx:coord>
<gx:coord >-82.307757 27.200134 1596</gx:coord>
<gx:coord >-82.305292 27.203871 1626</gx:coord>
<gx:coord >-82.303507 27.206589 1634</gx:coord>
<gx:coord >-82.301542 27.209411 1687</gx:coord>
<gx:coord >-82.299165 27.212762 1695</gx:coord>
<gx:coord >-82.297211 27.215649 1725</gx:coord>
<gx:coord >-82.294042 27.220443 1786</gx:coord>
<gx:coord >-82.292262 27.223343 1779</gx:coord>
<gx:coord >-82.291433 27.224808 1817</gx:coord>
<gx:coord >-82.289446 27.22873 1817</gx:coord>
<gx:coord >-82.289341 27.228916 1855</gx:coord>
<gx:coord >-82.287334 27.232873 1885</gx:coord>
<gx:coord >-82.285326 27.236923 1878</gx:coord>
<gx:coord >-82.284904 27.237854 1885</gx:coord>
<gx:coord >-82.282791 27.242789 1946</gx:coord>
<gx:coord >-82.280837 27.247351 1977</gx:coord>
<gx:coord >-82.278892 27.25177 1969</gx:coord>
<gx:coord >-82.278218 27.253052 1977</gx:coord>
<gx:coord >-82.274815 27.25964 2038</gx:coord>
<gx:coord >-82.272386 27.264109 2068</gx:coord>
<gx:coord >-82.269692 27.268997 2061</gx:coord>
<gx:coord >-82.269253 27.269714 2061</gx:coord>
<gx:coord >-82.269149 27.269943 2053</gx:coord>
<gx:coord >-82.267791 27.272442 2053</gx:coord>
<gx:coord >-82.264381 27.278915 2045</gx:coord>
<gx:coord >-82.262567 27.28244 2045</gx:coord>
<gx:coord >-82.261294 27.284406 2045</gx:coord>
<gx:coord >-82.259095 27.287338 2045</gx:coord>
<gx:coord >-82.255053 27.292648 2045</gx:coord>
<gx:coord >-82.251478 27.297592 2038</gx:coord>
<gx:coord >-82.248248 27.302096 2045</gx:coord>
<gx:coord >-82.241217 27.312241 2038</gx:coord>
<gx:coord >-82.234273 27.32254 2045</gx:coord>
<gx:coord >-82.230127 27.328445 2030</gx:coord>
<gx:coord >-82.229972 27.328724 2000</gx:coord>
<gx:coord >-82.227432 27.332657 2061</gx:coord>
<gx:coord >-82.220695 27.343323 2038</gx:coord>
<gx:coord >-82.215447 27.351628 2045</gx:coord>
<gx:coord >-82.210957 27.358098 2038</gx:coord>
<gx:coord >-82.207118 27.363327 2038</gx:coord>
<gx:coord >-82.201028 27.371226 2038</gx:coord>
<gx:coord >-82.196855 27.376626 2038</gx:coord>
<gx:coord >-82.192504 27.382736 2045</gx:coord>
<gx:coord >-82.186337 27.391754 2000</gx:coord>
<gx:coord >-82.183694 27.395233 2061</gx:coord>
<gx:coord >-82.175516 27.405582 2045</gx:coord>
<gx:coord >-82.170604 27.412099 2045</gx:coord>
<gx:coord >-82.167118 27.416987 2045</gx:coord>
<gx:coord >-82.1597 27.427597 2038</gx:coord>
<gx:coord >-82.156539 27.431763 2038</gx:coord>
<gx:coord >-82.152756 27.436707 2038</gx:coord>
<gx:coord >-82.144983 27.447281 2030</gx:coord>
<gx:coord >-82.144775 27.447525 2030</gx:coord>
<gx:coord >-82.14462 27.447784 2030</gx:coord>
<gx:coord >-82.144406 27.448084 2030</gx:coord>
<gx:coord >-82.136743 27.458725 2030</gx:coord>
<gx:coord >-82.135004 27.461072 2030</gx:coord>
<gx:coord >-82.1341 27.46225 2030</gx:coord>
<gx:coord >-82.133208 27.463446 2030</gx:coord>
<gx:coord >-82.125496 27.473781 2038</gx:coord>
<gx:coord >-82.117943 27.484115 2038</gx:coord>
<gx:coord >-82.115133 27.487793 2000</gx:coord>
<gx:coord >-82.110918 27.493333 2030</gx:coord>
<gx:coord >-82.103207 27.503947 2030</gx:coord>
<gx:coord >-82.100778 27.507156 2030</gx:coord>
<gx:coord >-82.095285 27.51416 2038</gx:coord>
<gx:coord >-82.087719 27.52446 2046</gx:coord>
<gx:coord >-82.083347 27.530342 2054</gx:coord>
<gx:coord >-82.077431 27.538488 2054</gx:coord>
<gx:coord >-82.073572 27.543411 2046</gx:coord>
<gx:coord >-82.068769 27.549568 2062</gx:coord>
<gx:coord >-82.068135 27.550359 2031</gx:coord>
<gx:coord >-82.063646 27.556504 2062</gx:coord>
<gx:coord >-82.055796 27.567169 2039</gx:coord>
<gx:coord >-82.053827 27.56987 2001</gx:coord>
<gx:coord >-82.048904 27.576187 2062</gx:coord>
<gx:coord >-82.041514 27.585692 2031</gx:coord>
<gx:coord >-82.037089 27.591293 2039</gx:coord>
<gx:coord >-82.032905 27.597191 2039</gx:coord>
<gx:coord >-82.028574 27.603149 2031</gx:coord>
<gx:coord >-82.027916 27.604019 2001</gx:coord>
<gx:coord >-82.019647 27.614881 2031</gx:coord>
<gx:coord >-82.014788 27.621305 2062</gx:coord>
<gx:coord >-82.014598 27.621552 2031</gx:coord>
<gx:coord >-82.013943 27.622375 2031</gx:coord>
<gx:coord >-82.011281 27.625763 2001</gx:coord>
<gx:coord >-82.011126 27.625992 2062</gx:coord>
<gx:coord >-82.01088 27.626286 2001</gx:coord>
<gx:coord >-82.009934 27.627411 2031</gx:coord>
<gx:coord >-82.009364 27.628098 2001</gx:coord>
<gx:coord >-82.009156 27.628372 2062</gx:coord>
<gx:coord >-82.004753 27.633595 2039</gx:coord>
<gx:coord >-82.002264 27.636887 2001</gx:coord>
<gx:coord >-81.999414 27.640915 2062</gx:coord>
<gx:coord >-81.998636 27.641968 2031</gx:coord>
<gx:coord >-81.998414 27.6423 2031</gx:coord>
<gx:coord >-81.997859 27.643066 2031</gx:coord>
<gx:coord >-81.9976 27.643387 2031</gx:coord>
<gx:coord >-81.997393 27.643616 2031</gx:coord>
<gx:coord >-81.99107 27.652039 2031</gx:coord>
<gx:coord >-81.989049 27.654922 2031</gx:coord>
<gx:coord >-81.984629 27.661107 2001</gx:coord>
<gx:coord >-81.984385 27.661423 2031</gx:coord>
<gx:coord >-81.984206 27.661712 2031</gx:coord>
<gx:coord >-81.983995 27.661991 2031</gx:coord>
<gx:coord >-81.983815 27.662247 2001</gx:coord>
<gx:coord >-81.983556 27.662567 2031</gx:coord>
<gx:coord >-81.982991 27.663341 2001</gx:coord>
<gx:coord >-81.982199 27.664505 2031</gx:coord>
<gx:coord >-81.979558 27.668043 2001</gx:coord>
<gx:coord >-81.979347 27.668276 2062</gx:coord>
<gx:coord >-81.977338 27.671036 2031</gx:coord>
<gx:coord >-81.97713 27.671356 2031</gx:coord>
<gx:coord >-81.97599 27.672958 2031</gx:coord>
<gx:coord >-81.975731 27.673233 2031</gx:coord>
<gx:coord >-81.975109 27.674057 2031</gx:coord>
<gx:coord >-81.967145 27.684616 2023</gx:coord>
<gx:coord >-81.962516 27.690628 2031</gx:coord>
<gx:coord >-81.954691 27.700836 2039</gx:coord>
<gx:coord >-81.950183 27.706558 2001</gx:coord>
<gx:coord >-81.946599 27.711197 2023</gx:coord>
<gx:coord >-81.943377 27.715759 2016</gx:coord>
<gx:coord >-81.93873 27.722672 2008</gx:coord>
<gx:coord >-81.935569 27.726837 2016</gx:coord>
<gx:coord >-81.932822 27.730133 2016</gx:coord>
<gx:coord >-81.929169 27.734194 2016</gx:coord>
<gx:coord >-81.923411 27.740199 2023</gx:coord>
<gx:coord >-81.918778 27.744965 2031</gx:coord>
<gx:coord >-81.918156 27.745651 2039</gx:coord>
<gx:coord >-81.911057 27.753433 2046</gx:coord>
<gx:coord >-81.904475 27.760391 2046</gx:coord>
<gx:coord >-81.898851 27.766362 2039</gx:coord>
<gx:coord >-81.892248 27.772925 2031</gx:coord>
<gx:coord >-81.88385 27.780945 2039</gx:coord>
<gx:coord >-81.880206 27.784424 2031</gx:coord>
<gx:coord >-81.874004 27.790329 2001</gx:coord>
<gx:coord >-81.867941 27.79628 1962</gx:coord>
<gx:coord >-81.862089 27.801974 1909</gx:coord>
<gx:coord >-81.856177 27.807587 1909</gx:coord>
<gx:coord >-81.848922 27.814087 1871</gx:coord>
<gx:coord >-81.84374 27.818893 1841</gx:coord>
<gx:coord >-81.838003 27.824273 1811</gx:coord>
<gx:coord >-81.831982 27.829952 1811</gx:coord>
<gx:coord >-81.826846 27.834824 1750</gx:coord>
<gx:coord >-81.820938 27.840408 1720</gx:coord>
<gx:coord >-81.816429 27.844803 1659</gx:coord>
<gx:coord >-81.81161 27.84938 1621</gx:coord>
<gx:coord >-81.804516 27.855882 1621</gx:coord>
<gx:coord >-81.799483 27.860687 1598</gx:coord>
<gx:coord >-81.797227 27.862911 1590</gx:coord>
<gx:coord >-81.794903 27.865378 1582</gx:coord>
<gx:coord >-81.791417 27.869149 1575</gx:coord>
<gx:coord >-81.786683 27.873642 1575</gx:coord>
<gx:coord >-81.781967 27.877899 1575</gx:coord>
<gx:coord >-81.771874 27.886699 1582</gx:coord>
<gx:coord >-81.766592 27.891401 1590</gx:coord>
<gx:coord >-81.757243 27.900246 1582</gx:coord>
<gx:coord >-81.750958 27.905972 1582</gx:coord>
<gx:coord >-81.748211 27.908439 1582</gx:coord>
<gx:coord >-81.746728 27.91008 1582</gx:coord>
<gx:coord >-81.745381 27.911865 1582</gx:coord>
<gx:coord >-81.744303 27.913653 1582</gx:coord>
<gx:coord >-81.743412 27.915344 1575</gx:coord>
<gx:coord >-81.742718 27.917144 1575</gx:coord>
<gx:coord >-81.742168 27.919098 1575</gx:coord>
<gx:coord >-81.74182 27.921567 1575</gx:coord>
<gx:coord >-81.741767 27.92301 1567</gx:coord>
<gx:coord >-81.741926 27.925663 1567</gx:coord>
<gx:coord >-81.742634 27.932785 1590</gx:coord>
<gx:coord >-81.743458 27.940292 1590</gx:coord>
<gx:coord >-81.744039 27.947937 1567</gx:coord>
<gx:coord >-81.744672 27.957733 1575</gx:coord>
<gx:coord >-81.745782 27.970322 1575</gx:coord>
<gx:coord >-81.746413 27.979152 1582</gx:coord>
<gx:coord >-81.746732 27.989044 1575</gx:coord>
<gx:coord >-81.746944 27.999252 1567</gx:coord>
<gx:coord >-81.74679 28.002614 1560</gx:coord>
<gx:coord >-81.746679 28.004196 1560</gx:coord>
<gx:coord >-81.745605 28.01523 1560</gx:coord>
<gx:coord >-81.744091 28.027542 1560</gx:coord>
<gx:coord >-81.743882 28.030127 1560</gx:coord>
<gx:coord >-81.743088 28.037704 1575</gx:coord>
<gx:coord >-81.742348 28.042969 1575</gx:coord>
<gx:coord >-81.740817 28.052216 1567</gx:coord>
<gx:coord >-81.738493 28.064255 1567</gx:coord>
<gx:coord >-81.737383 28.07048 1567</gx:coord>
<gx:coord >-81.735904 28.077347 1567</gx:coord>
<gx:coord >-81.733844 28.086548 1575</gx:coord>
<gx:coord >-81.731873 28.096138 1575</gx:coord>
<gx:coord >-81.730728 28.100647 1582</gx:coord>
<gx:coord >-81.727929 28.111404 1567</gx:coord>
<gx:coord >-81.726978 28.115799 1567</gx:coord>
<gx:coord >-81.725625 28.123557 1567</gx:coord>
<gx:coord >-81.724812 28.128525 1529</gx:coord>
<gx:coord >-81.722394 28.140921 1552</gx:coord>
<gx:coord >-81.721586 28.144738 1560</gx:coord>
<gx:coord >-81.721538 28.145096 1560</gx:coord>
<gx:coord >-81.721425 28.14539 1560</gx:coord>
<gx:coord >-81.719002 28.157318 1576</gx:coord>
<gx:coord >-81.716626 28.169312 1576</gx:coord>
<gx:coord >-81.714882 28.179245 1568</gx:coord>
<gx:coord >-81.714671 28.181396 1568</gx:coord>
<gx:coord >-81.714671 28.183594 1568</gx:coord>
<gx:coord >-81.714882 28.186157 1568</gx:coord>
<gx:coord >-81.715178 28.188125 1561</gx:coord>
<gx:coord >-81.715886 28.191559 1553</gx:coord>
<gx:coord >-81.716578 28.193758 1545</gx:coord>
<gx:coord >-81.717365 28.195541 1545</gx:coord>
<gx:coord >-81.719161 28.198837 1561</gx:coord>
<gx:coord >-81.720132 28.200694 1568</gx:coord>
<gx:coord >-81.724171 28.208608 1583</gx:coord>
<gx:coord >-81.726027 28.212479 1629</gx:coord>
<gx:coord >-81.72777 28.216187 1637</gx:coord>
<gx:coord >-81.729566 28.220169 1690</gx:coord>
<gx:coord >-81.732471 28.226303 1690</gx:coord>
<gx:coord >-81.732573 28.22653 1721</gx:coord>
<gx:coord >-81.734673 28.23086 1713</gx:coord>
<gx:coord >-81.735589 28.233141 1721</gx:coord>
<gx:coord >-81.735966 28.234631 1728</gx:coord>
<gx:coord >-81.736433 28.236877 1736</gx:coord>
<gx:coord >-81.736827 28.239798 1744</gx:coord>
<gx:coord >-81.737119 28.243103 1759</gx:coord>
<gx:coord >-81.73742 28.246827 1789</gx:coord>
<gx:coord >-81.737689 28.250458 1820</gx:coord>
<gx:coord >-81.737859 28.253677 1858</gx:coord>
<gx:coord >-81.73807 28.257202 1919</gx:coord>
<gx:coord >-81.738281 28.261352 1904</gx:coord>
<gx:coord >-81.738443 28.263865 1896</gx:coord>
<gx:coord >-81.738981 28.270755 1904</gx:coord>
<gx:coord >-81.739549 28.275879 1896</gx:coord>
<gx:coord >-81.740605 28.282974 1896</gx:coord>
<gx:coord >-81.74219 28.292953 1934</gx:coord>
<gx:coord >-81.742718 28.296844 1904</gx:coord>
<gx:coord >-81.744567 28.309433 1904</gx:coord>
<gx:coord >-81.745095 28.313049 1911</gx:coord>
<gx:coord >-81.745993 28.318863 1942</gx:coord>
<gx:coord >-81.746627 28.323212 2003</gx:coord>
<gx:coord >-81.74726 28.32724 2041</gx:coord>
<gx:coord >-81.748083 28.33253 2041</gx:coord>
<gx:coord >-81.749056 28.338867 2102</gx:coord>
<gx:coord >-81.74969 28.343582 2140</gx:coord>
<gx:coord >-81.750399 28.348358 2140</gx:coord>
<gx:coord >-81.751045 28.352594 2201</gx:coord>
<gx:coord >-81.751853 28.357528 2231</gx:coord>
<gx:coord >-81.752553 28.362137 2216</gx:coord>
<gx:coord >-81.753037 28.366187 2208</gx:coord>
<gx:coord >-81.753845 28.372239 2239</gx:coord>
<gx:coord >-81.754866 28.377777 2246</gx:coord>
<gx:coord >-81.755923 28.383041 2239</gx:coord>
<gx:coord >-81.756345 28.386246 2193</gx:coord>
<gx:coord >-81.757507 28.397936 2224</gx:coord>
<gx:coord >-81.758669 28.40657 2216</gx:coord>
<gx:coord >-81.759446 28.412041 2208</gx:coord>
<gx:coord >-81.761363 28.423096 2216</gx:coord>
<gx:coord >-81.762893 28.43164 2224</gx:coord>
<gx:coord >-81.763162 28.433409 2216</gx:coord>
<gx:coord >-81.764185 28.44081 2193</gx:coord>
<gx:coord >-81.765693 28.451657 2201</gx:coord>
<gx:coord >-81.766663 28.456638 2216</gx:coord>
<gx:coord >-81.768335 28.463928 2201</gx:coord>
<gx:coord >-81.771557 28.476791 2216</gx:coord>
<gx:coord >-81.774848 28.489783 2201</gx:coord>
<gx:coord >-81.776575 28.49556 2201</gx:coord>
<gx:coord >-81.77911 28.503479 2193</gx:coord>
<gx:coord >-81.779797 28.505127 2193</gx:coord>
<gx:coord >-81.780853 28.506958 2193</gx:coord>
<gx:coord >-81.782068 28.508698 2193</gx:coord>
<gx:coord >-81.783547 28.510345 2193</gx:coord>
<gx:coord >-81.785081 28.511709 2193</gx:coord>
<gx:coord >-81.786611 28.512863 2201</gx:coord>
<gx:coord >-81.788248 28.513916 2208</gx:coord>
<gx:coord >-81.790035 28.514782 2224</gx:coord>
<gx:coord >-81.791945 28.515518 2246</gx:coord>
<gx:coord >-81.793698 28.516039 2262</gx:coord>
<gx:coord >-81.79559 28.516342 2285</gx:coord>
<gx:coord >-81.797306 28.516458 2300</gx:coord>
<gx:coord >-81.799083 28.516458 2315</gx:coord>
<gx:coord >-81.801294 28.516159 2353</gx:coord>
<gx:coord >-81.802799 28.515806 2338</gx:coord>
<gx:coord >-81.80463 28.515247 2353</gx:coord>
<gx:coord >-81.8063 28.514596 2361</gx:coord>
<gx:coord >-81.807969 28.513711 2368</gx:coord>
<gx:coord >-81.809423 28.512734 2376</gx:coord>
<gx:coord >-81.810877 28.511616 2384</gx:coord>
<gx:coord >-81.812331 28.51022 2391</gx:coord>
<gx:coord >-81.813654 28.508606 2399</gx:coord>
<gx:coord >-81.814869 28.506958 2414</gx:coord>
<gx:coord >-81.81594 28.505052 2422</gx:coord>
<gx:coord >-81.816823 28.503159 2429</gx:coord>
<gx:coord >-81.818777 28.498215 2467</gx:coord>
<gx:coord >-81.82052 28.493271 2490</gx:coord>
<gx:coord >-81.821594 28.489876 2513</gx:coord>
<gx:coord >-81.82251 28.486152 2544</gx:coord>
<gx:coord >-81.822941 28.483685 2566</gx:coord>
<gx:coord >-81.823056 28.481827 2612</gx:coord>
<gx:coord >-81.823048 28.479961 2597</gx:coord>
<gx:coord >-81.822844 28.478073 2605</gx:coord>
<gx:coord >-81.822527 28.476242 2620</gx:coord>
<gx:coord >-81.82084 28.469487 2673</gx:coord>
<gx:coord >-81.820194 28.466321 2688</gx:coord>
<gx:coord >-81.819886 28.463837 2696</gx:coord>
<gx:coord >-81.819781 28.461319 2719</gx:coord>
<gx:coord >-81.819834 28.45816 2734</gx:coord>
<gx:coord >-81.82014 28.454543 2757</gx:coord>
<gx:coord >-81.820733 28.449143 2795</gx:coord>
<gx:coord >-81.821735 28.442322 2833</gx:coord>
<gx:coord >-81.822263 28.439026 2841</gx:coord>
<gx:coord >-81.822617 28.436714 2841</gx:coord>
<gx:coord >-81.823267 28.432938 2841</gx:coord>
<gx:coord >-81.824664 28.424331 2848</gx:coord>
<gx:coord >-81.824826 28.421817 2841</gx:coord>
<gx:coord >-81.824772 28.419815 2841</gx:coord>
<gx:coord >-81.824556 28.418186 2841</gx:coord>
<gx:coord >-81.824112 28.416504 2841</gx:coord>
<gx:coord >-81.823637 28.415268 2848</gx:coord>
<gx:coord >-81.823102 28.414369 2848</gx:coord>
<gx:coord >-81.822294 28.413391 2856</gx:coord>
<gx:coord >-81.821313 28.412567 2848</gx:coord>
<gx:coord >-81.820409 28.412041 2848</gx:coord>
<gx:coord >-81.81944 28.411669 2848</gx:coord>
<gx:coord >-81.818148 28.411389 2848</gx:coord>
<gx:coord >-81.81734 28.411343 2841</gx:coord>
<gx:coord >-81.816348 28.411469 2833</gx:coord>
<gx:coord >-81.815291 28.411789 2826</gx:coord>
<gx:coord >-81.814393 28.412292 2826</gx:coord>
<gx:coord >-81.813865 28.41275 2818</gx:coord>
<gx:coord >-81.81339 28.413254 2826</gx:coord>
<gx:coord >-81.81287 28.414043 2856</gx:coord>
<gx:coord >-81.812601 28.414695 2833</gx:coord>
<gx:coord >-81.812385 28.415765 2833</gx:coord>
<gx:coord >-81.812331 28.416743 2826</gx:coord>
<gx:coord >-81.812386 28.418015 2818</gx:coord>
<gx:coord >-81.812967 28.423737 2803</gx:coord>
<gx:coord >-81.812924 28.426146 2818</gx:coord>
<gx:coord >-81.812654 28.428707 2833</gx:coord>
<gx:coord >-81.811964 28.432571 2841</gx:coord>
<gx:coord >-81.811093 28.436295 2848</gx:coord>
<gx:coord >-81.809315 28.442766 2856</gx:coord>
<gx:coord >-81.809208 28.443929 2856</gx:coord>
<gx:coord >-81.80927 28.444611 2856</gx:coord>
<gx:coord >-81.809477 28.445279 2856</gx:coord>
<gx:coord >-81.816263 28.447048 2787</gx:coord>
<gx:coord >-81.820463 28.445326 2826</gx:coord>
<gx:coord >-81.821894 28.444931 2826</gx:coord>
<gx:coord >-81.822994 28.44486 2826</gx:coord>
<gx:coord >-81.823742 28.444885 2826</gx:coord>
<gx:coord >-81.824502 28.445093 2826</gx:coord>
<gx:coord >-81.825168 28.445389 2826</gx:coord>
<gx:coord >-81.825903 28.445931 2826</gx:coord>
<gx:coord >-81.826383 28.446533 2826</gx:coord>
<gx:coord >-81.826647 28.447128 2826</gx:coord>
<gx:coord >-81.826764 28.4477 2826</gx:coord>
<gx:coord >-81.826806 28.449005 2826</gx:coord>
<gx:coord >-81.827228 28.45697 2841</gx:coord>
<gx:coord >-81.827411 28.459617 2818</gx:coord>
<gx:coord >-81.827895 28.466461 2818</gx:coord>
<gx:coord >-81.828111 28.468462 2765</gx:coord>
<gx:coord >-81.828111 28.468742 2780</gx:coord>
<gx:coord >-81.82839 28.473129 2765</gx:coord>
<gx:coord >-81.82839 28.47345 2780</gx:coord>
<gx:coord >-81.828434 28.474095 2795</gx:coord>
<gx:coord >-81.828488 28.474607 2810</gx:coord>
<gx:coord >-81.828707 28.478256 2795</gx:coord>
<gx:coord >-81.828865 28.481032 2734</gx:coord>
<gx:coord >-81.829394 28.489288 2719</gx:coord>
<gx:coord >-81.830103 28.497139 2681</gx:coord>
<gx:coord >-81.831031 28.505219 2643</gx:coord>
<gx:coord >-81.831611 28.509568 2612</gx:coord>
<gx:coord >-81.832904 28.517342 2574</gx:coord>
<gx:coord >-81.833514 28.522202 2551</gx:coord>
<gx:coord >-81.833819 28.527444 2521</gx:coord>
<gx:coord >-81.834035 28.53573 2445</gx:coord>
<gx:coord >-81.83425 28.540572 2452</gx:coord>
<gx:coord >-81.834735 28.54518 2422</gx:coord>
<gx:coord >-81.834834 28.546234 2422</gx:coord>
<gx:coord >-81.83494 28.547379 2406</gx:coord>
<gx:coord >-81.835112 28.550022 2323</gx:coord>
<gx:coord >-81.835219 28.553094 2262</gx:coord>
<gx:coord >-81.835362 28.555984 2231</gx:coord>
<gx:coord >-81.835381 28.556306 2231</gx:coord>
<gx:coord >-81.835543 28.558075 2193</gx:coord>
<gx:coord >-81.835679 28.559921 2155</gx:coord>
<gx:coord >-81.835785 28.561295 2125</gx:coord>
<gx:coord >-81.835866 28.563103 2086</gx:coord>
<gx:coord >-81.835838 28.564316 2064</gx:coord>
<gx:coord >-81.835574 28.565689 2003</gx:coord>
<gx:coord >-81.835219 28.566874 2003</gx:coord>
<gx:coord >-81.834573 28.568177 1964</gx:coord>
<gx:coord >-81.833831 28.56926 1942</gx:coord>
<gx:coord >-81.832958 28.570272 1911</gx:coord>
<gx:coord >-81.83188 28.571436 1888</gx:coord>
<gx:coord >-81.831612 28.57164 1873</gx:coord>
<gx:coord >-81.830103 28.572833 1850</gx:coord>
<gx:coord >-81.828434 28.57395 1820</gx:coord>
<gx:coord >-81.826753 28.574936 1759</gx:coord>
<gx:coord >-81.825485 28.575623 1774</gx:coord>
<gx:coord >-81.823372 28.576721 1751</gx:coord>
<gx:coord >-81.819358 28.578506 1690</gx:coord>
<gx:coord >-81.815401 28.580095 1698</gx:coord>
<gx:coord >-81.811739 28.581258 1690</gx:coord>
<gx:coord >-81.810854 28.581528 1683</gx:coord>
<gx:coord >-81.803196 28.583725 1652</gx:coord>
<gx:coord >-81.798019 28.585098 1599</gx:coord>
<gx:coord >-81.79122 28.586984 1568</gx:coord>
<gx:coord >-81.78286 28.589493 1561</gx:coord>
<gx:coord >-81.778187 28.590941 1500</gx:coord>
<gx:coord >-81.771348 28.592943 1469</gx:coord>
<gx:coord >-81.762839 28.595503 1431</gx:coord>
<gx:coord >-81.757346 28.59704 1454</gx:coord>
<gx:coord >-81.752754 28.598282 1439</gx:coord>
<gx:coord >-81.744905 28.600531 1408</gx:coord>
<gx:coord >-81.736935 28.602533 1408</gx:coord>
<gx:coord >-81.730634 28.603883 1408</gx:coord>
<gx:coord >-81.724441 28.605093 1370</gx:coord>
<gx:coord >-81.724126 28.605148 1401</gx:coord>
<gx:coord >-81.723794 28.605186 1401</gx:coord>
<gx:coord >-81.72094 28.605698 1401</gx:coord>
<gx:coord >-81.713351 28.606888 1408</gx:coord>
<gx:coord >-81.711502 28.607162 1401</gx:coord>
<gx:coord >-81.705915 28.60784 1393</gx:coord>
<gx:coord >-81.699459 28.608444 1378</gx:coord>
<gx:coord >-81.692397 28.60905 1385</gx:coord>
<gx:coord >-81.680128 28.610413 1393</gx:coord>
<gx:coord >-81.672902 28.611005 1385</gx:coord>
<gx:coord >-81.661269 28.611843 1385</gx:coord>
<gx:coord >-81.651817 28.612518 1385</gx:coord>
<gx:coord >-81.64899 28.612867 1370</gx:coord>
<gx:coord >-81.642851 28.613845 1347</gx:coord>
<gx:coord >-81.642521 28.613892 1317</gx:coord>
<gx:coord >-81.641558 28.614031 1340</gx:coord>
<gx:coord >-81.635311 28.615009 1309</gx:coord>
<gx:coord >-81.62998 28.615847 1248</gx:coord>
<gx:coord >-81.622279 28.616917 1263</gx:coord>
<gx:coord >-81.61759 28.617691 1241</gx:coord>
<gx:coord >-81.612731 28.618607 1225</gx:coord>
<gx:coord >-81.608384 28.619524 1218</gx:coord>
<gx:coord >-81.598153 28.621857 1180</gx:coord>
<gx:coord >-81.591709 28.623596 1157</gx:coord>
<gx:coord >-81.589807 28.624146 1149</gx:coord>
<gx:coord >-81.584842 28.625702 1134</gx:coord>
<gx:coord >-81.579356 28.627578 1088</gx:coord>
<gx:coord >-81.572355 28.630138 1096</gx:coord>
<gx:coord >-81.570417 28.630883 1088</gx:coord>
<gx:coord >-81.559225 28.635223 1027</gx:coord>
<gx:coord >-81.551083 28.638285 1027</gx:coord>
<gx:coord >-81.544858 28.64035 1004</gx:coord>
<gx:coord >-81.543644 28.640717 989</gx:coord>
<gx:coord >-81.538309 28.642181 966</gx:coord>
<gx:coord >-81.537939 28.642273 959</gx:coord>
<gx:coord >-81.531264 28.644011 928</gx:coord>
<gx:coord >-81.530941 28.644104 928</gx:coord>
<gx:coord >-81.52491 28.645547 898</gx:coord>
<gx:coord >-81.520332 28.646711 837</gx:coord>
<gx:coord >-81.515438 28.647949 806</gx:coord>
<gx:coord >-81.51079 28.649094 776</gx:coord>
<gx:coord >-81.507838 28.649783 776</gx:coord>
<gx:coord >-81.504391 28.650528 738</gx:coord>
<gx:coord >-81.501177 28.651245 707</gx:coord>
<gx:coord >-81.497659 28.652111 677</gx:coord>
<gx:coord >-81.49373 28.653122 646</gx:coord>
<gx:coord >-81.490766 28.653833 593</gx:coord>
<gx:coord >-81.487075 28.654678 585</gx:coord>
<gx:coord >-81.482427 28.655777 524</gx:coord>
<gx:coord >-81.477831 28.656784 532</gx:coord>
<gx:coord >-81.475686 28.657185 524</gx:coord>
<gx:coord >-81.468007 28.658478 463</gx:coord>
<gx:coord >-81.463095 28.659256 463</gx:coord>
<gx:coord >-81.460392 28.659559 456</gx:coord>
<gx:coord >-81.456598 28.660034 448</gx:coord>
<gx:coord >-81.446615 28.660904 448</gx:coord>
<gx:coord >-81.435026 28.661701 448</gx:coord>
<gx:coord >-81.430072 28.662027 433</gx:coord>
<gx:coord >-81.418924 28.662585 463</gx:coord>
<gx:coord >-81.418621 28.662598 463</gx:coord>
<gx:coord >-81.414669 28.662865 494</gx:coord>
<gx:coord >-81.4144 28.662865 433</gx:coord>
<gx:coord >-81.413128 28.662964 463</gx:coord>
<gx:coord >-81.405417 28.663559 463</gx:coord>
<gx:coord >-81.397759 28.664261 463</gx:coord>
<gx:coord >-81.391261 28.664658 463</gx:coord>
<gx:coord >-81.38688 28.664773 463</gx:coord>
<gx:coord >-81.378849 28.664886 463</gx:coord>
<gx:coord >-81.377186 28.664913 463</gx:coord>
<gx:coord >-81.373255 28.664913 456</gx:coord>
<gx:coord >-81.37234 28.664959 494</gx:coord>
<gx:coord >-81.364962 28.665053 463</gx:coord>
<gx:coord >-81.356883 28.665192 463</gx:coord>
<gx:coord >-81.351964 28.665253 463</gx:coord>
<gx:coord >-81.346112 28.665192 456</gx:coord>
<gx:coord >-81.341858 28.665006 494</gx:coord>
<gx:coord >-81.338142 28.665006 433</gx:coord>
<gx:coord >-81.333241 28.665192 456</gx:coord>
<gx:coord >-81.332896 28.665161 456</gx:coord>
<gx:coord >-81.331998 28.665207 463</gx:coord>
<gx:coord >-81.326558 28.66539 463</gx:coord>
<gx:coord >-81.319239 28.665937 456</gx:coord>
<gx:coord >-81.317677 28.665937 456</gx:coord>
<gx:coord >-81.316258 28.665802 449</gx:coord>
<gx:coord >-81.314885 28.665482 441</gx:coord>
<gx:coord >-81.313565 28.665024 441</gx:coord>
<gx:coord >-81.312244 28.664429 434</gx:coord>
<gx:coord >-81.309392 28.662918 426</gx:coord>
<gx:coord >-81.300121 28.65779 419</gx:coord>
<gx:coord >-81.296082 28.655416 411</gx:coord>
<gx:coord >-81.290912 28.652204 426</gx:coord>
<gx:coord >-81.284503 28.648061 419</gx:coord>
<gx:coord >-81.277912 28.643967 419</gx:coord>
<gx:coord >-81.274109 28.641449 426</gx:coord>
<gx:coord >-81.272224 28.64024 426</gx:coord>
<gx:coord >-81.269302 28.638428 426</gx:coord>
<gx:coord >-81.264601 28.635773 426</gx:coord>
<gx:coord >-81.25932 28.632843 426</gx:coord>
<gx:coord >-81.255728 28.630646 411</gx:coord>
<gx:coord >-81.248914 28.62616 419</gx:coord>
<gx:coord >-81.242946 28.62204 419</gx:coord>
<gx:coord >-81.238619 28.618873 419</gx:coord>
<gx:coord >-81.234917 28.615997 426</gx:coord>
<gx:coord >-81.231643 28.613205 396</gx:coord>
<gx:coord >-81.231431 28.613068 426</gx:coord>
<gx:coord >-81.227309 28.609329 434</gx:coord>
<gx:coord >-81.224829 28.606888 434</gx:coord>
<gx:coord >-81.223033 28.604874 434</gx:coord>
<gx:coord >-81.221924 28.603417 434</gx:coord>
<gx:coord >-81.221062 28.602021 434</gx:coord>
<gx:coord >-81.220498 28.600662 426</gx:coord>
<gx:coord >-81.220093 28.599367 426</gx:coord>
<gx:coord >-81.219705 28.597366 426</gx:coord>
<gx:coord >-81.219124 28.594208 419</gx:coord>
<gx:coord >-81.218491 28.590683 426</gx:coord>
<gx:coord >-81.217857 28.587341 434</gx:coord>
<gx:coord >-81.217329 28.585602 457</gx:coord>
<gx:coord >-81.217238 28.585355 426</gx:coord>
<gx:coord >-81.217117 28.585098 457</gx:coord>
<gx:coord >-81.216969 28.584843 426</gx:coord>
<gx:coord >-81.216862 28.584564 457</gx:coord>
<gx:coord >-81.215216 28.580978 434</gx:coord>
<gx:coord >-81.211745 28.574089 434</gx:coord>
<gx:coord >-81.209214 28.569155 396</gx:coord>
<gx:coord >-81.208352 28.567665 426</gx:coord>
<gx:coord >-81.207768 28.566925 426</gx:coord>
<gx:coord >-81.206952 28.566176 426</gx:coord>
<gx:coord >-81.206025 28.565552 426</gx:coord>
<gx:coord >-81.205233 28.565186 419</gx:coord>
<gx:coord >-81.204177 28.564819 419</gx:coord>
<gx:coord >-81.203279 28.564636 419</gx:coord>
<gx:coord >-81.202105 28.564593 419</gx:coord>
<gx:coord >-81.201166 28.564682 419</gx:coord>
<gx:coord >-81.200162 28.564865 419</gx:coord>
<gx:coord >-81.198928 28.565245 419</gx:coord>
<gx:coord >-81.19812 28.565617 419</gx:coord>
<gx:coord >-81.19731 28.566101 419</gx:coord>
<gx:coord >-81.196558 28.566641 419</gx:coord>
<gx:coord >-81.195673 28.56752 419</gx:coord>
<gx:coord >-81.194564 28.568893 419</gx:coord>
<gx:coord >-81.191711 28.572926 426</gx:coord>
<gx:coord >-81.191606 28.573151 426</gx:coord>
<gx:coord >-81.188911 28.577022 434</gx:coord>
<gx:coord >-81.187327 28.579697 441</gx:coord>
<gx:coord >-81.184333 28.585076 434</gx:coord>
<gx:coord >-81.183364 28.586798 434</gx:coord>
<gx:coord >-81.179405 28.594162 426</gx:coord>
<gx:coord >-81.178625 28.596155 419</gx:coord>
<gx:coord >-81.178194 28.597691 419</gx:coord>
<gx:coord >-81.177979 28.599367 411</gx:coord>
<gx:coord >-81.177925 28.601229 411</gx:coord>
<gx:coord >-81.178084 28.602814 411</gx:coord>
<gx:coord >-81.178463 28.604488 411</gx:coord>
<gx:coord >-81.179056 28.606024 419</gx:coord>
<gx:coord >-81.17981 28.607654 419</gx:coord>
<gx:coord >-81.180833 28.609423 419</gx:coord>
<gx:coord >-81.182179 28.611238 411</gx:coord>
<gx:coord >-81.183577 28.612793 411</gx:coord>
<gx:coord >-81.185033 28.614171 411</gx:coord>
<gx:coord >-81.186482 28.615265 419</gx:coord>
<gx:coord >-81.188157 28.616266 426</gx:coord>
<gx:coord >-81.189719 28.617011 434</gx:coord>
<gx:coord >-81.191236 28.617554 434</gx:coord>
<gx:coord >-81.193402 28.618149 434</gx:coord>
<gx:coord >-81.194512 28.618361 434</gx:coord>
<gx:coord >-81.196676 28.618698 426</gx:coord>
<gx:coord >-81.198525 28.61879 419</gx:coord>
<gx:coord >-81.200436 28.618733 411</gx:coord>
<gx:coord >-81.202267 28.6185 411</gx:coord>
<gx:coord >-81.204177 28.618057 411</gx:coord>
<gx:coord >-81.205606 28.617569 411</gx:coord>
<gx:coord >-81.207135 28.616913 411</gx:coord>
<gx:coord >-81.208719 28.615952 411</gx:coord>
<gx:coord >-81.210092 28.614944 411</gx:coord>
<gx:coord >-81.211571 28.613571 411</gx:coord>
<gx:coord >-81.212876 28.612076 411</gx:coord>
<gx:coord >-81.213953 28.610586 411</gx:coord>
<gx:coord >-81.214869 28.60905 411</gx:coord>
<gx:coord >-81.215623 28.607374 411</gx:coord>
<gx:coord >-81.216167 28.605789 411</gx:coord>
<gx:coord >-81.216431 28.604348 411</gx:coord>
<gx:coord >-81.216536 28.602905 411</gx:coord>
<gx:coord >-81.216431 28.601881 419</gx:coord>
<gx:coord >-81.216215 28.60109 419</gx:coord>
<gx:coord >-81.215955 28.600433 419</gx:coord>
<gx:coord >-81.215515 28.599786 426</gx:coord>
<gx:coord >-81.214952 28.599152 426</gx:coord>
<gx:coord >-81.214169 28.598529 426</gx:coord>
<gx:coord >-81.213253 28.598017 426</gx:coord>
<gx:coord >-81.212553 28.597691 411</gx:coord>
<gx:coord >-81.211099 28.597319 411</gx:coord>
<gx:coord >-81.210145 28.597229 403</gx:coord>
<gx:coord >-81.209194 28.597229 403</gx:coord>
<gx:coord >-81.208032 28.597412 403</gx:coord>
<gx:coord >-81.207114 28.597645 411</gx:coord>
<gx:coord >-81.206037 28.598064 419</gx:coord>
<gx:coord >-81.205022 28.598648 426</gx:coord>
<gx:coord >-81.204124 28.599426 434</gx:coord>
<gx:coord >-81.203883 28.5996 434</gx:coord>
<gx:coord >-81.203182 28.600391 441</gx:coord>
<gx:coord >-81.202275 28.601578 449</gx:coord>
<gx:coord >-81.201675 28.602766 441</gx:coord>
<gx:coord >-81.201298 28.603604 434</gx:coord>
<gx:coord >-81.201082 28.604441 426</gx:coord>
<gx:coord >-81.200691 28.60611 419</gx:coord>
<gx:coord >-81.200427 28.608398 419</gx:coord>
<gx:coord >-81.200321 28.611511 419</gx:coord>
<gx:coord >-81.200436 28.614776 419</gx:coord>
<gx:coord >-81.200743 28.618149 426</gx:coord>
<gx:coord >-81.201082 28.621992 434</gx:coord>
<gx:coord >-81.201567 28.628183 434</gx:coord>
<gx:coord >-81.201905 28.636414 426</gx:coord>
<gx:coord >-81.202321 28.646804 419</gx:coord>
<gx:coord >-81.202539 28.653397 426</gx:coord>
<gx:coord >-81.202751 28.655457 434</gx:coord>
<gx:coord >-81.203226 28.657608 434</gx:coord>
<gx:coord >-81.203807 28.659393 441</gx:coord>
<gx:coord >-81.204637 28.661701 449</gx:coord>
<gx:coord >-81.205875 28.664401 457</gx:coord>
<gx:coord >-81.207383 28.667287 457</gx:coord>
<gx:coord >-81.208729 28.669382 449</gx:coord>
<gx:coord >-81.210145 28.671341 449</gx:coord>
<gx:coord >-81.211994 28.673492 441</gx:coord>
<gx:coord >-81.217857 28.679855 449</gx:coord>
<gx:coord >-81.221385 28.683767 449</gx:coord>
<gx:coord >-81.224565 28.6875 441</gx:coord>
<gx:coord >-81.226678 28.690018 449</gx:coord>
<gx:coord >-81.22914 28.693217 449</gx:coord>
<gx:coord >-81.230702 28.695451 449</gx:coord>
<gx:coord >-81.231833 28.69736 449</gx:coord>
<gx:coord >-81.232646 28.699036 449</gx:coord>
<gx:coord >-81.233233 28.700572 449</gx:coord>
<gx:coord >-81.233702 28.70224 449</gx:coord>
<gx:coord >-81.234041 28.704063 449</gx:coord>
<gx:coord >-81.234364 28.70667 449</gx:coord>
<gx:coord >-81.23534 28.715286 449</gx:coord>
<gx:coord >-81.235868 28.720551 449</gx:coord>
<gx:coord >-81.236088 28.724453 449</gx:coord>
<gx:coord >-81.236132 28.728058 449</gx:coord>
<gx:coord >-81.236291 28.729156 449</gx:coord>
<gx:coord >-81.236518 28.729993 441</gx:coord>
<gx:coord >-81.236977 28.731216 441</gx:coord>
<gx:coord >-81.237596 28.73246 434</gx:coord>
<gx:coord >-81.238351 28.733551 426</gx:coord>
<gx:coord >-81.239354 28.734695 419</gx:coord>
<gx:coord >-81.240019 28.735393 411</gx:coord>
<gx:coord >-81.241581 28.736743 403</gx:coord>
<gx:coord >-81.243681 28.738279 388</gx:coord>
<gx:coord >-81.244704 28.739024 381</gx:coord>
<gx:coord >-81.247964 28.74115 358</gx:coord>
<gx:coord >-81.250413 28.742609 350</gx:coord>
<gx:coord >-81.254506 28.744936 327</gx:coord>
<gx:coord >-81.256467 28.745956 312</gx:coord>
<gx:coord >-81.260746 28.748245 297</gx:coord>
<gx:coord >-81.262594 28.74939 289</gx:coord>
<gx:coord >-81.264846 28.751034 289</gx:coord>
<gx:coord >-81.266677 28.752571 297</gx:coord>
<gx:coord >-81.2677 28.753595 289</gx:coord>
<gx:coord >-81.268616 28.754759 259</gx:coord>
<gx:coord >-81.269302 28.755753 281</gx:coord>
<gx:coord >-81.269883 28.756851 281</gx:coord>
<gx:coord >-81.270306 28.75795 274</gx:coord>
<gx:coord >-81.270781 28.759506 274</gx:coord>
<gx:coord >-81.271362 28.76216 259</gx:coord>
<gx:coord >-81.272102 28.766693 236</gx:coord>
<gx:coord >-81.272313 28.768066 221</gx:coord>
<gx:coord >-81.272841 28.772324 190</gx:coord>
<gx:coord >-81.273 28.774521 175</gx:coord>
<gx:coord >-81.272978 28.775195 167</gx:coord>
<gx:coord >-81.272816 28.775847 167</gx:coord>
<gx:coord >-81.272577 28.776352 167</gx:coord>
<gx:coord >-81.272155 28.776993 167</gx:coord>
<gx:coord >-81.271685 28.777523 167</gx:coord>
<gx:coord >-81.271255 28.777895 167</gx:coord>
<gx:coord >-81.270781 28.778183 167</gx:coord>
<gx:coord >-81.270412 28.77832 160</gx:coord>
<gx:coord >-81.270042 28.778412 160</gx:coord>
<gx:coord >-81.269801 28.778454 129</gx:coord>
<gx:coord >-81.268933 28.778503 160</gx:coord>
<gx:coord >-81.267862 28.7785 160</gx:coord>
<gx:coord >-81.265223 28.778361 144</gx:coord>
<gx:coord >-81.263123 28.778454 137</gx:coord>
<gx:coord >-81.261591 28.778503 129</gx:coord>
<gx:coord >-81.257312 28.778412 106</gx:coord>
<gx:coord >-81.255464 28.778458 99</gx:coord>
<gx:coord >-81.251661 28.778412 38</gx:coord>
<gx:coord >-81.248743 28.778407 45</gx:coord>
<gx:coord >-81.248743 28.778407 45</gx:coord>
</gx:Track>
</Placemark>
</Folder>
</Folder>
</kml>
